25-10-25 16:06:53.214 [restartedMain]  INFO com.spring.monew.MonewApplication    [ |  | ] - Starting MonewApplication using Java 17.0.15 with PID 1184 (C:\dev_source\sb05-monew-team7\monew\build\classes\java\main started by SW in C:\dev_source\sb05-monew-team7)
25-10-25 16:06:53.342 [restartedMain]  INFO com.spring.monew.MonewApplication    [ |  | ] - No active profile set, falling back to 1 default profile: "default"
25-10-25 16:07:01.764 [restartedMain]  INFO o.s.d.r.c.RepositoryConfigurationDelegate [ |  | ] - Multiple Spring Data modules found, entering strict repository configuration mode
25-10-25 16:07:01.767 [restartedMain]  INFO o.s.d.r.c.RepositoryConfigurationDelegate [ |  | ] - Bootstrapping Spring Data JPA repositories in DEFAULT mode.
25-10-25 16:07:01.794 [restartedMain]  INFO o.s.d.r.c.RepositoryConfigurationDelegate [ |  | ] - Finished Spring Data repository scanning in 12 ms. Found 0 JPA repository interfaces.
25-10-25 16:07:01.808 [restartedMain]  INFO o.s.d.r.c.RepositoryConfigurationDelegate [ |  | ] - Multiple Spring Data modules found, entering strict repository configuration mode
25-10-25 16:07:01.809 [restartedMain]  INFO o.s.d.r.c.RepositoryConfigurationDelegate [ |  | ] - Bootstrapping Spring Data MongoDB repositories in DEFAULT mode.
25-10-25 16:07:01.821 [restartedMain]  INFO o.s.d.r.c.RepositoryConfigurationDelegate [ |  | ] - Finished Spring Data repository scanning in 3 ms. Found 0 MongoDB repository interfaces.
25-10-25 16:07:01.839 [restartedMain]  INFO o.s.d.r.c.RepositoryConfigurationDelegate [ |  | ] - Multiple Spring Data modules found, entering strict repository configuration mode
25-10-25 16:07:01.841 [restartedMain]  INFO o.s.d.r.c.RepositoryConfigurationDelegate [ |  | ] - Bootstrapping Spring Data Redis repositories in DEFAULT mode.
25-10-25 16:07:01.855 [restartedMain]  INFO o.s.d.r.c.RepositoryConfigurationDelegate [ |  | ] - Finished Spring Data repository scanning in 3 ms. Found 0 Redis repository interfaces.
25-10-25 16:07:03.245 [restartedMain]  INFO o.s.b.w.e.tomcat.TomcatWebServer     [ |  | ] - Tomcat initialized with port 8080 (http)
25-10-25 16:07:03.268 [restartedMain]  INFO o.a.coyote.http11.Http11NioProtocol  [ |  | ] - Initializing ProtocolHandler ["http-nio-8080"]
25-10-25 16:07:03.272 [restartedMain]  INFO o.a.catalina.core.StandardService    [ |  | ] - Starting service [Tomcat]
25-10-25 16:07:03.273 [restartedMain]  INFO o.a.catalina.core.StandardEngine     [ |  | ] - Starting Servlet engine: [Apache Tomcat/10.1.46]
25-10-25 16:07:03.521 [restartedMain]  INFO o.a.c.c.C.[Tomcat-5].[localhost].[/] [ |  | ] - Initializing Spring embedded WebApplicationContext
25-10-25 16:07:03.523 [restartedMain]  INFO o.s.b.w.s.c.ServletWebServerApplicationContext [ |  | ] - Root WebApplicationContext: initialization completed in 10139 ms
25-10-25 16:07:03.980 [restartedMain] DEBUG o.s.w.f.ServerHttpObservationFilter  [ |  | ] - Filter 'webMvcObservationFilter' configured for use
25-10-25 16:07:04.115 [restartedMain]  INFO com.zaxxer.hikari.HikariDataSource   [ |  | ] - HikariPool-23 - Starting...
25-10-25 16:07:04.492 [restartedMain]  INFO com.zaxxer.hikari.pool.HikariPool    [ |  | ] - HikariPool-23 - Added connection org.postgresql.jdbc.PgConnection@7529a588
25-10-25 16:07:04.495 [restartedMain]  INFO com.zaxxer.hikari.HikariDataSource   [ |  | ] - HikariPool-23 - Start completed.
25-10-25 16:07:04.618 [restartedMain]  INFO o.h.jpa.internal.util.LogHelper      [ |  | ] - HHH000204: Processing PersistenceUnitInfo [name: default]
25-10-25 16:07:04.729 [restartedMain]  INFO o.h.c.i.RegionFactoryInitiator       [ |  | ] - HHH000026: Second-level cache disabled
25-10-25 16:07:05.101 [restartedMain]  INFO o.s.o.j.p.SpringPersistenceUnitInfo  [ |  | ] - No LoadTimeWeaver setup: ignoring JPA class transformer
25-10-25 16:07:05.373 [restartedMain]  WARN org.hibernate.orm.deprecation        [ |  | ] - HHH90000025: PostgreSQLDialect does not need to be specified explicitly using 'hibernate.dialect' (remove the property setting and it will be selected by default)
25-10-25 16:07:05.414 [restartedMain]  INFO o.hibernate.orm.connections.pooling  [ |  | ] - HHH10001005: Database info:
	Database JDBC URL [Connecting through datasource 'HikariDataSource (HikariPool-23)']
	Database driver: undefined/unknown
	Database version: 17.6
	Autocommit mode: undefined/unknown
	Isolation level: undefined/unknown
	Minimum pool size: undefined/unknown
	Maximum pool size: undefined/unknown
25-10-25 16:07:05.422 [restartedMain] DEBUG o.h.t.d.sql.spi.DdlTypeRegistry      [ |  | ] - addDescriptor(2003, org.hibernate.type.descriptor.sql.internal.ArrayDdlTypeImpl@2a7d2821) replaced previous registration(org.hibernate.type.descriptor.sql.internal.ArrayDdlTypeImpl@6d607bc0)
25-10-25 16:07:05.423 [restartedMain] DEBUG o.h.t.d.sql.spi.DdlTypeRegistry      [ |  | ] - addDescriptor(6, org.hibernate.type.descriptor.sql.internal.CapacityDependentDdlType@6e8a8f0c) replaced previous registration(org.hibernate.type.descriptor.sql.internal.DdlTypeImpl@4a638a15)
25-10-25 16:07:06.430 [restartedMain]  INFO o.h.e.t.j.p.i.JtaPlatformInitiator   [ |  | ] - HHH000489: No JTA platform available (set 'hibernate.transaction.jta.platform' to enable JTA platform integration)
25-10-25 16:07:06.458 [restartedMain]  INFO o.s.o.j.LocalContainerEntityManagerFactoryBean [ |  | ] - Initialized JPA EntityManagerFactory for persistence unit 'default'
25-10-25 16:07:07.484 [restartedMain]  WARN o.s.b.a.o.j.JpaBaseConfiguration$JpaWebConfiguration [ |  | ] - spring.jpa.open-in-view is enabled by default. Therefore, database queries may be performed during view rendering. Explicitly configure spring.jpa.open-in-view to disable this warning
25-10-25 16:07:07.619 [restartedMain]  INFO o.s.b.a.w.s.WelcomePageHandlerMapping [ |  | ] - Adding welcome page: class path resource [static/index.html]
25-10-25 16:07:10.934 [restartedMain] DEBUG o.s.w.s.m.m.a.RequestMappingHandlerMapping [ |  | ] - 6 mappings in 'requestMappingHandlerMapping'
25-10-25 16:07:11.138 [restartedMain] DEBUG o.s.w.s.h.SimpleUrlHandlerMapping    [ |  | ] - Patterns [/webjars/**, /**, /swagger-ui*/*swagger-initializer.js, /swagger-ui*/**] in 'resourceHandlerMapping'
25-10-25 16:07:11.179 [restartedMain] DEBUG o.s.w.s.m.m.a.RequestMappingHandlerAdapter [ |  | ] - ControllerAdvice beans: 0 @ModelAttribute, 0 @InitBinder, 1 RequestBodyAdvice, 1 ResponseBodyAdvice
25-10-25 16:07:11.230 [restartedMain] DEBUG o.s.w.s.m.m.a.ExceptionHandlerExceptionResolver [ |  | ] - ControllerAdvice beans: 1 @ExceptionHandler, 1 ResponseBodyAdvice
25-10-25 16:07:11.717 [restartedMain]  INFO org.mongodb.driver.client            [ |  | ] - MongoClient with metadata {"driver": {"name": "mongo-java-driver|sync|spring-boot", "version": "5.5.1"}, "os": {"type": "Windows", "name": "Windows 11", "architecture": "amd64", "version": "10.0"}, "platform": "Java/Oracle Corporation/17.0.15+9-LTS-241"} created with settings MongoClientSettings{readPreference=primary, writeConcern=WriteConcern{w=null, wTimeout=null ms, journal=null}, retryWrites=true, retryReads=true, readConcern=ReadConcern{level=null}, credential=null, transportSettings=null, commandListeners=[io.micrometer.core.instrument.binder.mongodb.MongoMetricsCommandListener@721d8d3d], codecRegistry=ProvidersCodecRegistry{codecProviders=[ValueCodecProvider{}, BsonValueCodecProvider{}, DBRefCodecProvider{}, DBObjectCodecProvider{}, DocumentCodecProvider{}, CollectionCodecProvider{}, IterableCodecProvider{}, MapCodecProvider{}, GeoJsonCodecProvider{}, GridFSFileCodecProvider{}, Jsr310CodecProvider{}, JsonObjectCodecProvider{}, BsonCodecProvider{}, EnumCodecProvider{}, com.mongodb.client.model.mql.ExpressionCodecProvider@6edba9db, com.mongodb.Jep395RecordCodecProvider@342ce045, com.mongodb.KotlinCodecProvider@3d1ec787]}, loggerSettings=LoggerSettings{maxDocumentLength=1000}, clusterSettings={hosts=[localhost:27017], srvServiceName=mongodb, mode=SINGLE, requiredClusterType=UNKNOWN, requiredReplicaSetName='null', serverSelector='null', clusterListeners='[]', serverSelectionTimeout='30000 ms', localThreshold='15 ms'}, socketSettings=SocketSettings{connectTimeoutMS=10000, readTimeoutMS=0, receiveBufferSize=0, proxySettings=ProxySettings{host=null, port=null, username=null, password=null}}, heartbeatSocketSettings=SocketSettings{connectTimeoutMS=10000, readTimeoutMS=10000, receiveBufferSize=0, proxySettings=ProxySettings{host=null, port=null, username=null, password=null}}, connectionPoolSettings=ConnectionPoolSettings{maxSize=100, minSize=0, maxWaitTimeMS=120000, maxConnectionLifeTimeMS=0, maxConnectionIdleTimeMS=0, maintenanceInitialDelayMS=0, maintenanceFrequencyMS=60000, connectionPoolListeners=[io.micrometer.core.instrument.binder.mongodb.MongoMetricsConnectionPoolListener@19018792], maxConnecting=2}, serverSettings=ServerSettings{heartbeatFrequencyMS=10000, minHeartbeatFrequencyMS=500, serverMonitoringMode=AUTO, serverListeners='[]', serverMonitorListeners='[]'}, sslSettings=SslSettings{enabled=false, invalidHostNameAllowed=false, context=null}, applicationName='null', compressorList=[], uuidRepresentation=JAVA_LEGACY, serverApi=null, autoEncryptionSettings=null, dnsClient=null, inetAddressResolver=null, contextProvider=null, timeoutMS=null}
25-10-25 16:07:11.782 [cluster-ClusterId{value='68fc771f6d6c3fe60e36e49b', description='null'}-localhost:27017]  INFO org.mongodb.driver.cluster           [ |  | ] - Monitor thread successfully connected to server with description ServerDescription{address=localhost:27017, type=STANDALONE, cryptd=false, state=CONNECTED, ok=true, minWireVersion=0, maxWireVersion=27, maxDocumentSize=16777216, logicalSessionTimeoutMinutes=30, roundTripTimeNanos=52285900, minRoundTripTimeNanos=0}
25-10-25 16:07:12.442 [restartedMain]  WARN o.s.b.a.s.s.UserDetailsServiceAutoConfiguration [ |  | ] - 

Using generated security password: 07c58e8c-8296-425b-9427-912d7ba82666

This generated password is for development use only. Your security configuration must be updated before running your application in production.

25-10-25 16:07:12.449 [restartedMain]  INFO o.s.s.c.a.a.c.InitializeUserDetailsBeanManagerConfigurer$InitializeUserDetailsManagerConfigurer [ |  | ] - Global AuthenticationManager configured with UserDetailsService bean with name inMemoryUserDetailsManager
25-10-25 16:07:12.613 [restartedMain]  INFO o.s.b.a.e.web.EndpointLinksResolver  [ |  | ] - Exposing 3 endpoints beneath base path '/actuator'
25-10-25 16:07:13.137 [restartedMain]  INFO o.s.b.a.h.H2ConsoleAutoConfiguration [ |  | ] - H2 console available at '/h2-console'. Database available at 'jdbc:postgresql://localhost:5432/monew'
25-10-25 16:07:13.323 [restartedMain]  INFO o.s.b.d.a.OptionalLiveReloadServer   [ |  | ] - LiveReload server is running on port 35729
25-10-25 16:07:13.456 [restartedMain]  INFO o.a.coyote.http11.Http11NioProtocol  [ |  | ] - Starting ProtocolHandler ["http-nio-8080"]
25-10-25 16:07:13.493 [restartedMain]  INFO o.s.b.w.e.tomcat.TomcatWebServer     [ |  | ] - Tomcat started on port 8080 (http) with context path '/'
25-10-25 16:07:13.549 [restartedMain]  INFO com.spring.monew.MonewApplication    [ |  | ] - Started MonewApplication in 22.85 seconds (process running for 84743.97)
25-10-25 16:07:13.578 [restartedMain]  INFO o.s.b.d.a.ConditionEvaluationDeltaLoggingListener [ |  | ] - Condition evaluation unchanged
25-10-25 16:12:05.863 [File Watcher]  INFO o.s.b.d.a.LocalDevToolsAutoConfiguration$RestartingClassPathChangeChangedEventListener [ |  | ] - Restarting due to 66 class path changes (0 additions, 66 deletions, 0 modifications)
25-10-25 16:12:06.007 [Thread-83]  INFO o.s.b.w.e.tomcat.GracefulShutdown    [ |  | ] - Commencing graceful shutdown. Waiting for active requests to complete
25-10-25 16:12:06.043 [tomcat-shutdown]  INFO o.a.coyote.http11.Http11NioProtocol  [ |  | ] - Pausing ProtocolHandler ["http-nio-8080"]
25-10-25 16:12:06.333 [tomcat-shutdown]  INFO o.s.b.w.e.tomcat.GracefulShutdown    [ |  | ] - Graceful shutdown complete
25-10-25 16:12:06.344 [Thread-83]  INFO o.a.coyote.http11.Http11NioProtocol  [ |  | ] - Stopping ProtocolHandler ["http-nio-8080"]
25-10-25 16:12:06.457 [Thread-83]  INFO o.s.o.j.LocalContainerEntityManagerFactoryBean [ |  | ] - Closing JPA EntityManagerFactory for persistence unit 'default'
25-10-25 16:12:06.513 [Thread-83]  INFO com.zaxxer.hikari.HikariDataSource   [ |  | ] - HikariPool-23 - Shutdown initiated...
25-10-25 16:12:06.538 [Thread-83]  INFO com.zaxxer.hikari.HikariDataSource   [ |  | ] - HikariPool-23 - Shutdown completed.
25-10-25 16:12:08.209 [restartedMain]  INFO com.spring.monew.MonewApplication    [ |  | ] - Starting MonewApplication using Java 17.0.15 with PID 1184 (C:\dev_source\sb05-monew-team7\monew\build\classes\java\main started by SW in C:\dev_source\sb05-monew-team7)
25-10-25 16:12:08.210 [restartedMain]  INFO com.spring.monew.MonewApplication    [ |  | ] - No active profile set, falling back to 1 default profile: "default"
25-10-25 16:12:09.155 [restartedMain]  INFO o.s.d.r.c.RepositoryConfigurationDelegate [ |  | ] - Multiple Spring Data modules found, entering strict repository configuration mode
25-10-25 16:12:09.155 [restartedMain]  INFO o.s.d.r.c.RepositoryConfigurationDelegate [ |  | ] - Bootstrapping Spring Data JPA repositories in DEFAULT mode.
25-10-25 16:12:09.192 [restartedMain]  INFO o.s.d.r.c.RepositoryConfigurationDelegate [ |  | ] - Finished Spring Data repository scanning in 33 ms. Found 0 JPA repository interfaces.
25-10-25 16:12:09.196 [restartedMain]  INFO o.s.d.r.c.RepositoryConfigurationDelegate [ |  | ] - Multiple Spring Data modules found, entering strict repository configuration mode
25-10-25 16:12:09.196 [restartedMain]  INFO o.s.d.r.c.RepositoryConfigurationDelegate [ |  | ] - Bootstrapping Spring Data MongoDB repositories in DEFAULT mode.
25-10-25 16:12:09.229 [restartedMain]  INFO o.s.d.r.c.RepositoryConfigurationDelegate [ |  | ] - Finished Spring Data repository scanning in 29 ms. Found 0 MongoDB repository interfaces.
25-10-25 16:12:09.232 [restartedMain]  INFO o.s.d.r.c.RepositoryConfigurationDelegate [ |  | ] - Multiple Spring Data modules found, entering strict repository configuration mode
25-10-25 16:12:09.232 [restartedMain]  INFO o.s.d.r.c.RepositoryConfigurationDelegate [ |  | ] - Bootstrapping Spring Data Redis repositories in DEFAULT mode.
25-10-25 16:12:09.267 [restartedMain]  INFO o.s.d.r.c.RepositoryConfigurationDelegate [ |  | ] - Finished Spring Data repository scanning in 30 ms. Found 0 Redis repository interfaces.
25-10-25 16:12:09.506 [restartedMain]  INFO o.s.b.w.e.tomcat.TomcatWebServer     [ |  | ] - Tomcat initialized with port 8080 (http)
25-10-25 16:12:09.508 [restartedMain]  INFO o.a.coyote.http11.Http11NioProtocol  [ |  | ] - Initializing ProtocolHandler ["http-nio-8080"]
25-10-25 16:12:09.508 [restartedMain]  INFO o.a.catalina.core.StandardService    [ |  | ] - Starting service [Tomcat]
25-10-25 16:12:09.508 [restartedMain]  INFO o.a.catalina.core.StandardEngine     [ |  | ] - Starting Servlet engine: [Apache Tomcat/10.1.46]
25-10-25 16:12:09.554 [restartedMain]  INFO o.a.c.c.C.[Tomcat-5].[localhost].[/] [ |  | ] - Initializing Spring embedded WebApplicationContext
25-10-25 16:12:09.554 [restartedMain]  INFO o.s.b.w.s.c.ServletWebServerApplicationContext [ |  | ] - Root WebApplicationContext: initialization completed in 1340 ms
25-10-25 16:12:09.604 [restartedMain] DEBUG o.s.w.f.ServerHttpObservationFilter  [ |  | ] - Filter 'webMvcObservationFilter' configured for use
25-10-25 16:12:09.621 [restartedMain]  INFO com.zaxxer.hikari.HikariDataSource   [ |  | ] - HikariPool-24 - Starting...
25-10-25 16:12:09.736 [restartedMain]  INFO com.zaxxer.hikari.pool.HikariPool    [ |  | ] - HikariPool-24 - Added connection org.postgresql.jdbc.PgConnection@4d7f20fe
25-10-25 16:12:09.736 [restartedMain]  INFO com.zaxxer.hikari.HikariDataSource   [ |  | ] - HikariPool-24 - Start completed.
25-10-25 16:12:09.768 [restartedMain]  INFO o.h.jpa.internal.util.LogHelper      [ |  | ] - HHH000204: Processing PersistenceUnitInfo [name: default]
25-10-25 16:12:09.777 [restartedMain]  INFO o.h.c.i.RegionFactoryInitiator       [ |  | ] - HHH000026: Second-level cache disabled
25-10-25 16:12:09.793 [restartedMain]  INFO o.s.o.j.p.SpringPersistenceUnitInfo  [ |  | ] - No LoadTimeWeaver setup: ignoring JPA class transformer
25-10-25 16:12:09.848 [restartedMain]  WARN org.hibernate.orm.deprecation        [ |  | ] - HHH90000025: PostgreSQLDialect does not need to be specified explicitly using 'hibernate.dialect' (remove the property setting and it will be selected by default)
25-10-25 16:12:09.852 [restartedMain]  INFO o.hibernate.orm.connections.pooling  [ |  | ] - HHH10001005: Database info:
	Database JDBC URL [Connecting through datasource 'HikariDataSource (HikariPool-24)']
	Database driver: undefined/unknown
	Database version: 17.6
	Autocommit mode: undefined/unknown
	Isolation level: undefined/unknown
	Minimum pool size: undefined/unknown
	Maximum pool size: undefined/unknown
25-10-25 16:12:09.854 [restartedMain] DEBUG o.h.t.d.sql.spi.DdlTypeRegistry      [ |  | ] - addDescriptor(2003, org.hibernate.type.descriptor.sql.internal.ArrayDdlTypeImpl@73aef342) replaced previous registration(org.hibernate.type.descriptor.sql.internal.ArrayDdlTypeImpl@6e012ba2)
25-10-25 16:12:09.854 [restartedMain] DEBUG o.h.t.d.sql.spi.DdlTypeRegistry      [ |  | ] - addDescriptor(6, org.hibernate.type.descriptor.sql.internal.CapacityDependentDdlType@55d1c1cd) replaced previous registration(org.hibernate.type.descriptor.sql.internal.DdlTypeImpl@4d119805)
25-10-25 16:12:09.889 [restartedMain]  INFO o.h.e.t.j.p.i.JtaPlatformInitiator   [ |  | ] - HHH000489: No JTA platform available (set 'hibernate.transaction.jta.platform' to enable JTA platform integration)
25-10-25 16:12:09.890 [restartedMain]  INFO o.s.o.j.LocalContainerEntityManagerFactoryBean [ |  | ] - Initialized JPA EntityManagerFactory for persistence unit 'default'
25-10-25 16:12:09.901 [restartedMain]  WARN o.s.b.w.s.c.AnnotationConfigServletWebServerApplicationContext [ |  | ] - Exception encountered during context initialization - cancelling refresh attempt: org.springframework.beans.factory.BeanCreationException: Error creating bean with name 'userController': Resolution of declared constructors on bean Class [com.spring.monew.user.controller.UserController] from ClassLoader [org.springframework.boot.devtools.restart.classloader.RestartClassLoader@21fddbd1] failed
25-10-25 16:12:09.902 [restartedMain]  INFO o.s.o.j.LocalContainerEntityManagerFactoryBean [ |  | ] - Closing JPA EntityManagerFactory for persistence unit 'default'
25-10-25 16:12:09.902 [restartedMain]  INFO com.zaxxer.hikari.HikariDataSource   [ |  | ] - HikariPool-24 - Shutdown initiated...
25-10-25 16:12:09.956 [restartedMain]  INFO com.zaxxer.hikari.HikariDataSource   [ |  | ] - HikariPool-24 - Shutdown completed.
25-10-25 16:12:09.957 [restartedMain]  INFO o.a.catalina.core.StandardService    [ |  | ] - Stopping service [Tomcat]
25-10-25 16:12:09.971 [restartedMain]  INFO o.s.b.a.l.ConditionEvaluationReportLogger [ |  | ] - 

Error starting ApplicationContext. To display the condition evaluation report re-run your application with 'debug' enabled.
25-10-25 16:12:09.976 [restartedMain] ERROR o.s.boot.SpringApplication           [ |  | ] - Application run failed
org.springframework.beans.factory.BeanCreationException: Error creating bean with name 'userController': Resolution of declared constructors on bean Class [com.spring.monew.user.controller.UserController] from ClassLoader [org.springframework.boot.devtools.restart.classloader.RestartClassLoader@21fddbd1] failed
	at org.springframework.beans.factory.annotation.AutowiredAnnotationBeanPostProcessor.determineCandidateConstructors(AutowiredAnnotationBeanPostProcessor.java:384)
	at org.springframework.beans.factory.support.AbstractAutowireCapableBeanFactory.determineConstructorsFromBeanPostProcessors(AbstractAutowireCapableBeanFactory.java:1334)
	at org.springframework.beans.factory.support.AbstractAutowireCapableBeanFactory.createBeanInstance(AbstractAutowireCapableBeanFactory.java:1229)
	at org.springframework.beans.factory.support.AbstractAutowireCapableBeanFactory.doCreateBean(AbstractAutowireCapableBeanFactory.java:569)
	at org.springframework.beans.factory.support.AbstractAutowireCapableBeanFactory.createBean(AbstractAutowireCapableBeanFactory.java:529)
	at org.springframework.beans.factory.support.AbstractBeanFactory.lambda$doGetBean$0(AbstractBeanFactory.java:339)
	at org.springframework.beans.factory.support.DefaultSingletonBeanRegistry.getSingleton(DefaultSingletonBeanRegistry.java:373)
	at org.springframework.beans.factory.support.AbstractBeanFactory.doGetBean(AbstractBeanFactory.java:337)
	at org.springframework.beans.factory.support.AbstractBeanFactory.getBean(AbstractBeanFactory.java:202)
	at org.springframework.beans.factory.support.DefaultListableBeanFactory.instantiateSingleton(DefaultListableBeanFactory.java:1221)
	at org.springframework.beans.factory.support.DefaultListableBeanFactory.preInstantiateSingleton(DefaultListableBeanFactory.java:1187)
	at org.springframework.beans.factory.support.DefaultListableBeanFactory.preInstantiateSingletons(DefaultListableBeanFactory.java:1123)
	at org.springframework.context.support.AbstractApplicationContext.finishBeanFactoryInitialization(AbstractApplicationContext.java:987)
	at org.springframework.context.support.AbstractApplicationContext.refresh(AbstractApplicationContext.java:627)
	at org.springframework.boot.web.servlet.context.ServletWebServerApplicationContext.refresh(ServletWebServerApplicationContext.java:146)
	at org.springframework.boot.SpringApplication.refresh(SpringApplication.java:752)
	at org.springframework.boot.SpringApplication.refreshContext(SpringApplication.java:439)
	at org.springframework.boot.SpringApplication.run(SpringApplication.java:318)
	at org.springframework.boot.SpringApplication.run(SpringApplication.java:1361)
	at org.springframework.boot.SpringApplication.run(SpringApplication.java:1350)
	at com.spring.monew.MonewApplication.main(MonewApplication.java:10)
	at java.base/jdk.internal.reflect.NativeMethodAccessorImpl.invoke0(Native Method)
	at java.base/jdk.internal.reflect.NativeMethodAccessorImpl.invoke(NativeMethodAccessorImpl.java:77)
	at java.base/jdk.internal.reflect.DelegatingMethodAccessorImpl.invoke(DelegatingMethodAccessorImpl.java:43)
	at java.base/java.lang.reflect.Method.invoke(Method.java:568)
	at org.springframework.boot.devtools.restart.RestartLauncher.run(RestartLauncher.java:50)
Caused by: java.lang.NoClassDefFoundError: com/spring/monew/user/service/UserService
	at java.base/java.lang.Class.getDeclaredConstructors0(Native Method)
	at java.base/java.lang.Class.privateGetDeclaredConstructors(Class.java:3373)
	at java.base/java.lang.Class.getDeclaredConstructors(Class.java:2555)
	at org.springframework.beans.factory.annotation.AutowiredAnnotationBeanPostProcessor.determineCandidateConstructors(AutowiredAnnotationBeanPostProcessor.java:379)
	... 25 common frames omitted
Caused by: java.lang.ClassNotFoundException: com.spring.monew.user.service.UserService
	at java.base/jdk.internal.loader.BuiltinClassLoader.loadClass(BuiltinClassLoader.java:641)
	at java.base/jdk.internal.loader.ClassLoaders$AppClassLoader.loadClass(ClassLoaders.java:188)
	at java.base/java.lang.ClassLoader.loadClass(ClassLoader.java:525)
	at java.base/java.lang.Class.forName0(Native Method)
	at java.base/java.lang.Class.forName(Class.java:467)
	at org.springframework.boot.devtools.restart.classloader.RestartClassLoader.loadClass(RestartClassLoader.java:121)
	at java.base/java.lang.ClassLoader.loadClass(ClassLoader.java:525)
	... 29 common frames omitted
25-10-25 16:13:09.634 [restartedMain]  INFO com.spring.monew.MonewApplication    [ |  | ] - Starting MonewApplication using Java 17.0.15 with PID 1184 (C:\dev_source\sb05-monew-team7\monew\build\classes\java\main started by SW in C:\dev_source\sb05-monew-team7)
25-10-25 16:13:09.641 [restartedMain]  INFO com.spring.monew.MonewApplication    [ |  | ] - No active profile set, falling back to 1 default profile: "default"
25-10-25 16:13:14.604 [restartedMain]  INFO o.s.d.r.c.RepositoryConfigurationDelegate [ |  | ] - Multiple Spring Data modules found, entering strict repository configuration mode
25-10-25 16:13:14.606 [restartedMain]  INFO o.s.d.r.c.RepositoryConfigurationDelegate [ |  | ] - Bootstrapping Spring Data JPA repositories in DEFAULT mode.
25-10-25 16:13:14.621 [restartedMain]  INFO o.s.d.r.c.RepositoryConfigurationDelegate [ |  | ] - Finished Spring Data repository scanning in 8 ms. Found 0 JPA repository interfaces.
25-10-25 16:13:14.632 [restartedMain]  INFO o.s.d.r.c.RepositoryConfigurationDelegate [ |  | ] - Multiple Spring Data modules found, entering strict repository configuration mode
25-10-25 16:13:14.632 [restartedMain]  INFO o.s.d.r.c.RepositoryConfigurationDelegate [ |  | ] - Bootstrapping Spring Data MongoDB repositories in DEFAULT mode.
25-10-25 16:13:14.636 [restartedMain]  INFO o.s.d.r.c.RepositoryConfigurationDelegate [ |  | ] - Finished Spring Data repository scanning in 1 ms. Found 0 MongoDB repository interfaces.
25-10-25 16:13:14.648 [restartedMain]  INFO o.s.d.r.c.RepositoryConfigurationDelegate [ |  | ] - Multiple Spring Data modules found, entering strict repository configuration mode
25-10-25 16:13:14.648 [restartedMain]  INFO o.s.d.r.c.RepositoryConfigurationDelegate [ |  | ] - Bootstrapping Spring Data Redis repositories in DEFAULT mode.
25-10-25 16:13:14.654 [restartedMain]  INFO o.s.d.r.c.RepositoryConfigurationDelegate [ |  | ] - Finished Spring Data repository scanning in 1 ms. Found 0 Redis repository interfaces.
25-10-25 16:13:15.684 [restartedMain]  INFO o.s.b.w.e.tomcat.TomcatWebServer     [ |  | ] - Tomcat initialized with port 8080 (http)
25-10-25 16:13:15.711 [restartedMain]  INFO o.a.coyote.http11.Http11NioProtocol  [ |  | ] - Initializing ProtocolHandler ["http-nio-8080"]
25-10-25 16:13:15.715 [restartedMain]  INFO o.a.catalina.core.StandardService    [ |  | ] - Starting service [Tomcat]
25-10-25 16:13:15.717 [restartedMain]  INFO o.a.catalina.core.StandardEngine     [ |  | ] - Starting Servlet engine: [Apache Tomcat/10.1.46]
25-10-25 16:13:15.902 [restartedMain]  INFO o.a.c.c.C.[Tomcat-6].[localhost].[/] [ |  | ] - Initializing Spring embedded WebApplicationContext
25-10-25 16:13:15.905 [restartedMain]  INFO o.s.b.w.s.c.ServletWebServerApplicationContext [ |  | ] - Root WebApplicationContext: initialization completed in 6218 ms
25-10-25 16:13:16.274 [restartedMain] DEBUG o.s.w.f.ServerHttpObservationFilter  [ |  | ] - Filter 'webMvcObservationFilter' configured for use
25-10-25 16:13:16.377 [restartedMain]  INFO com.zaxxer.hikari.HikariDataSource   [ |  | ] - HikariPool-25 - Starting...
25-10-25 16:13:16.985 [restartedMain]  INFO com.zaxxer.hikari.pool.HikariPool    [ |  | ] - HikariPool-25 - Added connection org.postgresql.jdbc.PgConnection@538e4b95
25-10-25 16:13:16.988 [restartedMain]  INFO com.zaxxer.hikari.HikariDataSource   [ |  | ] - HikariPool-25 - Start completed.
25-10-25 16:13:17.077 [restartedMain]  INFO o.h.jpa.internal.util.LogHelper      [ |  | ] - HHH000204: Processing PersistenceUnitInfo [name: default]
25-10-25 16:13:17.142 [restartedMain]  INFO o.h.c.i.RegionFactoryInitiator       [ |  | ] - HHH000026: Second-level cache disabled
25-10-25 16:13:17.498 [restartedMain]  INFO o.s.o.j.p.SpringPersistenceUnitInfo  [ |  | ] - No LoadTimeWeaver setup: ignoring JPA class transformer
25-10-25 16:13:17.600 [restartedMain]  WARN org.hibernate.orm.deprecation        [ |  | ] - HHH90000025: PostgreSQLDialect does not need to be specified explicitly using 'hibernate.dialect' (remove the property setting and it will be selected by default)
25-10-25 16:13:17.616 [restartedMain]  INFO o.hibernate.orm.connections.pooling  [ |  | ] - HHH10001005: Database info:
	Database JDBC URL [Connecting through datasource 'HikariDataSource (HikariPool-25)']
	Database driver: undefined/unknown
	Database version: 17.6
	Autocommit mode: undefined/unknown
	Isolation level: undefined/unknown
	Minimum pool size: undefined/unknown
	Maximum pool size: undefined/unknown
25-10-25 16:13:17.634 [restartedMain] DEBUG o.h.t.d.sql.spi.DdlTypeRegistry      [ |  | ] - addDescriptor(2003, org.hibernate.type.descriptor.sql.internal.ArrayDdlTypeImpl@dd57c83) replaced previous registration(org.hibernate.type.descriptor.sql.internal.ArrayDdlTypeImpl@62d88025)
25-10-25 16:13:17.635 [restartedMain] DEBUG o.h.t.d.sql.spi.DdlTypeRegistry      [ |  | ] - addDescriptor(6, org.hibernate.type.descriptor.sql.internal.CapacityDependentDdlType@4ecf24af) replaced previous registration(org.hibernate.type.descriptor.sql.internal.DdlTypeImpl@3d209c11)
25-10-25 16:13:17.949 [restartedMain]  INFO o.h.e.t.j.p.i.JtaPlatformInitiator   [ |  | ] - HHH000489: No JTA platform available (set 'hibernate.transaction.jta.platform' to enable JTA platform integration)
25-10-25 16:13:17.950 [restartedMain]  INFO o.s.o.j.LocalContainerEntityManagerFactoryBean [ |  | ] - Initialized JPA EntityManagerFactory for persistence unit 'default'
25-10-25 16:13:18.766 [restartedMain]  WARN o.s.b.a.o.j.JpaBaseConfiguration$JpaWebConfiguration [ |  | ] - spring.jpa.open-in-view is enabled by default. Therefore, database queries may be performed during view rendering. Explicitly configure spring.jpa.open-in-view to disable this warning
25-10-25 16:13:18.922 [restartedMain]  INFO o.s.b.a.w.s.WelcomePageHandlerMapping [ |  | ] - Adding welcome page: class path resource [static/index.html]
25-10-25 16:13:19.097 [restartedMain] DEBUG o.s.w.s.m.m.a.RequestMappingHandlerMapping [ |  | ] - 6 mappings in 'requestMappingHandlerMapping'
25-10-25 16:13:19.630 [restartedMain] DEBUG o.s.w.s.h.SimpleUrlHandlerMapping    [ |  | ] - Patterns [/webjars/**, /**, /swagger-ui*/*swagger-initializer.js, /swagger-ui*/**] in 'resourceHandlerMapping'
25-10-25 16:13:19.714 [restartedMain] DEBUG o.s.w.s.m.m.a.RequestMappingHandlerAdapter [ |  | ] - ControllerAdvice beans: 0 @ModelAttribute, 0 @InitBinder, 1 RequestBodyAdvice, 1 ResponseBodyAdvice
25-10-25 16:13:19.778 [restartedMain] DEBUG o.s.w.s.m.m.a.ExceptionHandlerExceptionResolver [ |  | ] - ControllerAdvice beans: 1 @ExceptionHandler, 1 ResponseBodyAdvice
25-10-25 16:13:20.767 [restartedMain]  INFO org.mongodb.driver.client            [ |  | ] - MongoClient with metadata {"driver": {"name": "mongo-java-driver|sync|spring-boot", "version": "5.5.1"}, "os": {"type": "Windows", "name": "Windows 11", "architecture": "amd64", "version": "10.0"}, "platform": "Java/Oracle Corporation/17.0.15+9-LTS-241"} created with settings MongoClientSettings{readPreference=primary, writeConcern=WriteConcern{w=null, wTimeout=null ms, journal=null}, retryWrites=true, retryReads=true, readConcern=ReadConcern{level=null}, credential=null, transportSettings=null, commandListeners=[io.micrometer.core.instrument.binder.mongodb.MongoMetricsCommandListener@dbb87ae], codecRegistry=ProvidersCodecRegistry{codecProviders=[ValueCodecProvider{}, BsonValueCodecProvider{}, DBRefCodecProvider{}, DBObjectCodecProvider{}, DocumentCodecProvider{}, CollectionCodecProvider{}, IterableCodecProvider{}, MapCodecProvider{}, GeoJsonCodecProvider{}, GridFSFileCodecProvider{}, Jsr310CodecProvider{}, JsonObjectCodecProvider{}, BsonCodecProvider{}, EnumCodecProvider{}, com.mongodb.client.model.mql.ExpressionCodecProvider@6edba9db, com.mongodb.Jep395RecordCodecProvider@342ce045, com.mongodb.KotlinCodecProvider@3d1ec787]}, loggerSettings=LoggerSettings{maxDocumentLength=1000}, clusterSettings={hosts=[localhost:27017], srvServiceName=mongodb, mode=SINGLE, requiredClusterType=UNKNOWN, requiredReplicaSetName='null', serverSelector='null', clusterListeners='[]', serverSelectionTimeout='30000 ms', localThreshold='15 ms'}, socketSettings=SocketSettings{connectTimeoutMS=10000, readTimeoutMS=0, receiveBufferSize=0, proxySettings=ProxySettings{host=null, port=null, username=null, password=null}}, heartbeatSocketSettings=SocketSettings{connectTimeoutMS=10000, readTimeoutMS=10000, receiveBufferSize=0, proxySettings=ProxySettings{host=null, port=null, username=null, password=null}}, connectionPoolSettings=ConnectionPoolSettings{maxSize=100, minSize=0, maxWaitTimeMS=120000, maxConnectionLifeTimeMS=0, maxConnectionIdleTimeMS=0, maintenanceInitialDelayMS=0, maintenanceFrequencyMS=60000, connectionPoolListeners=[io.micrometer.core.instrument.binder.mongodb.MongoMetricsConnectionPoolListener@391d102], maxConnecting=2}, serverSettings=ServerSettings{heartbeatFrequencyMS=10000, minHeartbeatFrequencyMS=500, serverMonitoringMode=AUTO, serverListeners='[]', serverMonitorListeners='[]'}, sslSettings=SslSettings{enabled=false, invalidHostNameAllowed=false, context=null}, applicationName='null', compressorList=[], uuidRepresentation=JAVA_LEGACY, serverApi=null, autoEncryptionSettings=null, dnsClient=null, inetAddressResolver=null, contextProvider=null, timeoutMS=null}
25-10-25 16:13:21.004 [cluster-ClusterId{value='68fc78906d6c3fe60e36e49c', description='null'}-localhost:27017]  INFO org.mongodb.driver.cluster           [ |  | ] - Monitor thread successfully connected to server with description ServerDescription{address=localhost:27017, type=STANDALONE, cryptd=false, state=CONNECTED, ok=true, minWireVersion=0, maxWireVersion=27, maxDocumentSize=16777216, logicalSessionTimeoutMinutes=30, roundTripTimeNanos=219023400, minRoundTripTimeNanos=0}
25-10-25 16:13:22.234 [restartedMain]  WARN o.s.b.a.s.s.UserDetailsServiceAutoConfiguration [ |  | ] - 

Using generated security password: 0c7acf6b-be29-407a-8610-e0bd1a82cbcd

This generated password is for development use only. Your security configuration must be updated before running your application in production.

25-10-25 16:13:22.242 [restartedMain]  INFO o.s.s.c.a.a.c.InitializeUserDetailsBeanManagerConfigurer$InitializeUserDetailsManagerConfigurer [ |  | ] - Global AuthenticationManager configured with UserDetailsService bean with name inMemoryUserDetailsManager
25-10-25 16:13:22.441 [restartedMain]  INFO o.s.b.a.e.web.EndpointLinksResolver  [ |  | ] - Exposing 3 endpoints beneath base path '/actuator'
25-10-25 16:13:23.145 [restartedMain]  INFO o.s.b.a.h.H2ConsoleAutoConfiguration [ |  | ] - H2 console available at '/h2-console'. Database available at 'jdbc:postgresql://localhost:5432/monew'
25-10-25 16:13:23.299 [restartedMain]  INFO o.s.b.d.a.OptionalLiveReloadServer   [ |  | ] - LiveReload server is running on port 35729
25-10-25 16:13:23.521 [restartedMain]  INFO o.a.coyote.http11.Http11NioProtocol  [ |  | ] - Starting ProtocolHandler ["http-nio-8080"]
25-10-25 16:13:23.588 [restartedMain]  INFO o.s.b.w.e.tomcat.TomcatWebServer     [ |  | ] - Tomcat started on port 8080 (http) with context path '/'
25-10-25 16:13:23.640 [restartedMain]  INFO com.spring.monew.MonewApplication    [ |  | ] - Started MonewApplication in 15.559 seconds (process running for 85114.06)
25-10-25 16:13:23.717 [restartedMain]  INFO o.s.b.d.a.ConditionEvaluationDeltaLoggingListener [ |  | ] - Condition evaluation unchanged
25-10-25 16:14:12.391 [File Watcher]  INFO o.s.b.d.a.LocalDevToolsAutoConfiguration$RestartingClassPathChangeChangedEventListener [ |  | ] - Restarting due to 66 class path changes (0 additions, 66 deletions, 0 modifications)
25-10-25 16:14:12.633 [Thread-90]  INFO o.s.b.w.e.tomcat.GracefulShutdown    [ |  | ] - Commencing graceful shutdown. Waiting for active requests to complete
25-10-25 16:14:12.681 [tomcat-shutdown]  INFO o.a.coyote.http11.Http11NioProtocol  [ |  | ] - Pausing ProtocolHandler ["http-nio-8080"]
25-10-25 16:14:13.697 [tomcat-shutdown]  INFO o.s.b.w.e.tomcat.GracefulShutdown    [ |  | ] - Graceful shutdown complete
25-10-25 16:14:13.715 [Thread-90]  INFO o.a.coyote.http11.Http11NioProtocol  [ |  | ] - Stopping ProtocolHandler ["http-nio-8080"]
25-10-25 16:14:13.999 [Thread-90]  INFO o.s.o.j.LocalContainerEntityManagerFactoryBean [ |  | ] - Closing JPA EntityManagerFactory for persistence unit 'default'
25-10-25 16:14:14.064 [Thread-90]  INFO com.zaxxer.hikari.HikariDataSource   [ |  | ] - HikariPool-25 - Shutdown initiated...
25-10-25 16:14:14.132 [Thread-90]  INFO com.zaxxer.hikari.HikariDataSource   [ |  | ] - HikariPool-25 - Shutdown completed.
25-10-25 16:14:17.548 [restartedMain]  INFO com.spring.monew.MonewApplication    [ |  | ] - Starting MonewApplication using Java 17.0.15 with PID 1184 (C:\dev_source\sb05-monew-team7\monew\build\classes\java\main started by SW in C:\dev_source\sb05-monew-team7)
25-10-25 16:14:17.549 [restartedMain]  INFO com.spring.monew.MonewApplication    [ |  | ] - No active profile set, falling back to 1 default profile: "default"
25-10-25 16:14:22.915 [restartedMain]  INFO o.s.d.r.c.RepositoryConfigurationDelegate [ |  | ] - Multiple Spring Data modules found, entering strict repository configuration mode
25-10-25 16:14:22.920 [restartedMain]  INFO o.s.d.r.c.RepositoryConfigurationDelegate [ |  | ] - Bootstrapping Spring Data JPA repositories in DEFAULT mode.
25-10-25 16:14:22.935 [restartedMain]  INFO o.s.d.r.c.RepositoryConfigurationDelegate [ |  | ] - Finished Spring Data repository scanning in 6 ms. Found 0 JPA repository interfaces.
25-10-25 16:14:22.943 [restartedMain]  INFO o.s.d.r.c.RepositoryConfigurationDelegate [ |  | ] - Multiple Spring Data modules found, entering strict repository configuration mode
25-10-25 16:14:22.944 [restartedMain]  INFO o.s.d.r.c.RepositoryConfigurationDelegate [ |  | ] - Bootstrapping Spring Data MongoDB repositories in DEFAULT mode.
25-10-25 16:14:22.969 [restartedMain]  INFO o.s.d.r.c.RepositoryConfigurationDelegate [ |  | ] - Finished Spring Data repository scanning in 14 ms. Found 0 MongoDB repository interfaces.
25-10-25 16:14:22.986 [restartedMain]  INFO o.s.d.r.c.RepositoryConfigurationDelegate [ |  | ] - Multiple Spring Data modules found, entering strict repository configuration mode
25-10-25 16:14:22.987 [restartedMain]  INFO o.s.d.r.c.RepositoryConfigurationDelegate [ |  | ] - Bootstrapping Spring Data Redis repositories in DEFAULT mode.
25-10-25 16:14:23.025 [restartedMain]  INFO o.s.d.r.c.RepositoryConfigurationDelegate [ |  | ] - Finished Spring Data repository scanning in 2 ms. Found 0 Redis repository interfaces.
25-10-25 16:14:24.355 [restartedMain]  INFO o.s.b.w.e.tomcat.TomcatWebServer     [ |  | ] - Tomcat initialized with port 8080 (http)
25-10-25 16:14:24.366 [restartedMain]  INFO o.a.coyote.http11.Http11NioProtocol  [ |  | ] - Initializing ProtocolHandler ["http-nio-8080"]
25-10-25 16:14:24.370 [restartedMain]  INFO o.a.catalina.core.StandardService    [ |  | ] - Starting service [Tomcat]
25-10-25 16:14:24.370 [restartedMain]  INFO o.a.catalina.core.StandardEngine     [ |  | ] - Starting Servlet engine: [Apache Tomcat/10.1.46]
25-10-25 16:14:24.529 [restartedMain]  INFO o.a.c.c.C.[Tomcat-6].[localhost].[/] [ |  | ] - Initializing Spring embedded WebApplicationContext
25-10-25 16:14:24.529 [restartedMain]  INFO o.s.b.w.s.c.ServletWebServerApplicationContext [ |  | ] - Root WebApplicationContext: initialization completed in 6973 ms
25-10-25 16:14:24.766 [restartedMain] DEBUG o.s.w.f.ServerHttpObservationFilter  [ |  | ] - Filter 'webMvcObservationFilter' configured for use
25-10-25 16:14:24.812 [restartedMain]  INFO com.zaxxer.hikari.HikariDataSource   [ |  | ] - HikariPool-26 - Starting...
25-10-25 16:14:25.300 [restartedMain]  INFO com.zaxxer.hikari.pool.HikariPool    [ |  | ] - HikariPool-26 - Added connection org.postgresql.jdbc.PgConnection@7866e2
25-10-25 16:14:25.300 [restartedMain]  INFO com.zaxxer.hikari.HikariDataSource   [ |  | ] - HikariPool-26 - Start completed.
25-10-25 16:14:25.447 [restartedMain]  INFO o.h.jpa.internal.util.LogHelper      [ |  | ] - HHH000204: Processing PersistenceUnitInfo [name: default]
25-10-25 16:14:25.519 [restartedMain]  INFO o.h.c.i.RegionFactoryInitiator       [ |  | ] - HHH000026: Second-level cache disabled
25-10-25 16:14:25.833 [restartedMain]  INFO o.s.o.j.p.SpringPersistenceUnitInfo  [ |  | ] - No LoadTimeWeaver setup: ignoring JPA class transformer
25-10-25 16:14:25.919 [restartedMain]  WARN org.hibernate.orm.deprecation        [ |  | ] - HHH90000025: PostgreSQLDialect does not need to be specified explicitly using 'hibernate.dialect' (remove the property setting and it will be selected by default)
25-10-25 16:14:25.930 [restartedMain]  INFO o.hibernate.orm.connections.pooling  [ |  | ] - HHH10001005: Database info:
	Database JDBC URL [Connecting through datasource 'HikariDataSource (HikariPool-26)']
	Database driver: undefined/unknown
	Database version: 17.6
	Autocommit mode: undefined/unknown
	Isolation level: undefined/unknown
	Minimum pool size: undefined/unknown
	Maximum pool size: undefined/unknown
25-10-25 16:14:25.936 [restartedMain] DEBUG o.h.t.d.sql.spi.DdlTypeRegistry      [ |  | ] - addDescriptor(2003, org.hibernate.type.descriptor.sql.internal.ArrayDdlTypeImpl@73a69ffa) replaced previous registration(org.hibernate.type.descriptor.sql.internal.ArrayDdlTypeImpl@310e5e42)
25-10-25 16:14:25.936 [restartedMain] DEBUG o.h.t.d.sql.spi.DdlTypeRegistry      [ |  | ] - addDescriptor(6, org.hibernate.type.descriptor.sql.internal.CapacityDependentDdlType@485137e2) replaced previous registration(org.hibernate.type.descriptor.sql.internal.DdlTypeImpl@752e3a1a)
25-10-25 16:14:26.144 [restartedMain]  INFO o.h.e.t.j.p.i.JtaPlatformInitiator   [ |  | ] - HHH000489: No JTA platform available (set 'hibernate.transaction.jta.platform' to enable JTA platform integration)
25-10-25 16:14:26.146 [restartedMain]  INFO o.s.o.j.LocalContainerEntityManagerFactoryBean [ |  | ] - Initialized JPA EntityManagerFactory for persistence unit 'default'
25-10-25 16:14:26.374 [restartedMain]  WARN o.s.b.a.o.j.JpaBaseConfiguration$JpaWebConfiguration [ |  | ] - spring.jpa.open-in-view is enabled by default. Therefore, database queries may be performed during view rendering. Explicitly configure spring.jpa.open-in-view to disable this warning
25-10-25 16:14:26.476 [restartedMain]  INFO o.s.b.a.w.s.WelcomePageHandlerMapping [ |  | ] - Adding welcome page: class path resource [static/index.html]
25-10-25 16:14:26.573 [restartedMain] DEBUG o.s.w.s.m.m.a.RequestMappingHandlerMapping [ |  | ] - 6 mappings in 'requestMappingHandlerMapping'
25-10-25 16:14:26.717 [restartedMain] DEBUG o.s.w.s.h.SimpleUrlHandlerMapping    [ |  | ] - Patterns [/webjars/**, /**, /swagger-ui*/*swagger-initializer.js, /swagger-ui*/**] in 'resourceHandlerMapping'
25-10-25 16:14:26.769 [restartedMain] DEBUG o.s.w.s.m.m.a.RequestMappingHandlerAdapter [ |  | ] - ControllerAdvice beans: 0 @ModelAttribute, 0 @InitBinder, 1 RequestBodyAdvice, 1 ResponseBodyAdvice
25-10-25 16:14:26.827 [restartedMain] DEBUG o.s.w.s.m.m.a.ExceptionHandlerExceptionResolver [ |  | ] - ControllerAdvice beans: 1 @ExceptionHandler, 1 ResponseBodyAdvice
25-10-25 16:14:27.590 [restartedMain]  INFO org.mongodb.driver.client            [ |  | ] - MongoClient with metadata {"driver": {"name": "mongo-java-driver|sync|spring-boot", "version": "5.5.1"}, "os": {"type": "Windows", "name": "Windows 11", "architecture": "amd64", "version": "10.0"}, "platform": "Java/Oracle Corporation/17.0.15+9-LTS-241"} created with settings MongoClientSettings{readPreference=primary, writeConcern=WriteConcern{w=null, wTimeout=null ms, journal=null}, retryWrites=true, retryReads=true, readConcern=ReadConcern{level=null}, credential=null, transportSettings=null, commandListeners=[io.micrometer.core.instrument.binder.mongodb.MongoMetricsCommandListener@3155319c], codecRegistry=ProvidersCodecRegistry{codecProviders=[ValueCodecProvider{}, BsonValueCodecProvider{}, DBRefCodecProvider{}, DBObjectCodecProvider{}, DocumentCodecProvider{}, CollectionCodecProvider{}, IterableCodecProvider{}, MapCodecProvider{}, GeoJsonCodecProvider{}, GridFSFileCodecProvider{}, Jsr310CodecProvider{}, JsonObjectCodecProvider{}, BsonCodecProvider{}, EnumCodecProvider{}, com.mongodb.client.model.mql.ExpressionCodecProvider@6edba9db, com.mongodb.Jep395RecordCodecProvider@342ce045, com.mongodb.KotlinCodecProvider@3d1ec787]}, loggerSettings=LoggerSettings{maxDocumentLength=1000}, clusterSettings={hosts=[localhost:27017], srvServiceName=mongodb, mode=SINGLE, requiredClusterType=UNKNOWN, requiredReplicaSetName='null', serverSelector='null', clusterListeners='[]', serverSelectionTimeout='30000 ms', localThreshold='15 ms'}, socketSettings=SocketSettings{connectTimeoutMS=10000, readTimeoutMS=0, receiveBufferSize=0, proxySettings=ProxySettings{host=null, port=null, username=null, password=null}}, heartbeatSocketSettings=SocketSettings{connectTimeoutMS=10000, readTimeoutMS=10000, receiveBufferSize=0, proxySettings=ProxySettings{host=null, port=null, username=null, password=null}}, connectionPoolSettings=ConnectionPoolSettings{maxSize=100, minSize=0, maxWaitTimeMS=120000, maxConnectionLifeTimeMS=0, maxConnectionIdleTimeMS=0, maintenanceInitialDelayMS=0, maintenanceFrequencyMS=60000, connectionPoolListeners=[io.micrometer.core.instrument.binder.mongodb.MongoMetricsConnectionPoolListener@7847aa63], maxConnecting=2}, serverSettings=ServerSettings{heartbeatFrequencyMS=10000, minHeartbeatFrequencyMS=500, serverMonitoringMode=AUTO, serverListeners='[]', serverMonitorListeners='[]'}, sslSettings=SslSettings{enabled=false, invalidHostNameAllowed=false, context=null}, applicationName='null', compressorList=[], uuidRepresentation=JAVA_LEGACY, serverApi=null, autoEncryptionSettings=null, dnsClient=null, inetAddressResolver=null, contextProvider=null, timeoutMS=null}
25-10-25 16:14:27.647 [cluster-ClusterId{value='68fc78d36d6c3fe60e36e49d', description='null'}-localhost:27017]  INFO org.mongodb.driver.cluster           [ |  | ] - Monitor thread successfully connected to server with description ServerDescription{address=localhost:27017, type=STANDALONE, cryptd=false, state=CONNECTED, ok=true, minWireVersion=0, maxWireVersion=27, maxDocumentSize=16777216, logicalSessionTimeoutMinutes=30, roundTripTimeNanos=45181400, minRoundTripTimeNanos=0}
25-10-25 16:14:28.170 [restartedMain]  WARN o.s.b.a.s.s.UserDetailsServiceAutoConfiguration [ |  | ] - 

Using generated security password: d20f3dae-9d4a-4ddd-80f4-4f9b38e27968

This generated password is for development use only. Your security configuration must be updated before running your application in production.

25-10-25 16:14:28.173 [restartedMain]  INFO o.s.s.c.a.a.c.InitializeUserDetailsBeanManagerConfigurer$InitializeUserDetailsManagerConfigurer [ |  | ] - Global AuthenticationManager configured with UserDetailsService bean with name inMemoryUserDetailsManager
25-10-25 16:14:28.287 [restartedMain]  INFO o.s.b.a.e.web.EndpointLinksResolver  [ |  | ] - Exposing 3 endpoints beneath base path '/actuator'
25-10-25 16:14:28.554 [restartedMain]  INFO o.s.b.a.h.H2ConsoleAutoConfiguration [ |  | ] - H2 console available at '/h2-console'. Database available at 'jdbc:postgresql://localhost:5432/monew'
25-10-25 16:14:28.670 [restartedMain]  INFO o.s.b.d.a.OptionalLiveReloadServer   [ |  | ] - LiveReload server is running on port 35729
25-10-25 16:14:28.806 [restartedMain]  INFO o.a.coyote.http11.Http11NioProtocol  [ |  | ] - Starting ProtocolHandler ["http-nio-8080"]
25-10-25 16:14:28.912 [restartedMain]  INFO o.s.b.w.e.tomcat.TomcatWebServer     [ |  | ] - Tomcat started on port 8080 (http) with context path '/'
25-10-25 16:14:28.951 [restartedMain]  INFO com.spring.monew.MonewApplication    [ |  | ] - Started MonewApplication in 11.599 seconds (process running for 85179.372)
25-10-25 16:14:28.961 [restartedMain]  INFO o.s.b.d.a.ConditionEvaluationDeltaLoggingListener [ |  | ] - Condition evaluation unchanged
25-10-25 16:14:30.424 [File Watcher]  INFO o.s.b.d.a.LocalDevToolsAutoConfiguration$RestartingClassPathChangeChangedEventListener [ |  | ] - Restarting due to 66 class path changes (66 additions, 0 deletions, 0 modifications)
25-10-25 16:14:30.554 [Thread-97]  INFO o.s.b.w.e.tomcat.GracefulShutdown    [ |  | ] - Commencing graceful shutdown. Waiting for active requests to complete
25-10-25 16:14:30.604 [tomcat-shutdown]  INFO o.a.coyote.http11.Http11NioProtocol  [ |  | ] - Pausing ProtocolHandler ["http-nio-8080"]
25-10-25 16:14:31.643 [tomcat-shutdown]  INFO o.s.b.w.e.tomcat.GracefulShutdown    [ |  | ] - Graceful shutdown complete
25-10-25 16:14:31.645 [Thread-97]  INFO o.a.coyote.http11.Http11NioProtocol  [ |  | ] - Stopping ProtocolHandler ["http-nio-8080"]
25-10-25 16:14:31.699 [Thread-97]  INFO o.s.o.j.LocalContainerEntityManagerFactoryBean [ |  | ] - Closing JPA EntityManagerFactory for persistence unit 'default'
25-10-25 16:14:31.731 [Thread-97]  INFO com.zaxxer.hikari.HikariDataSource   [ |  | ] - HikariPool-26 - Shutdown initiated...
25-10-25 16:14:31.764 [Thread-97]  INFO com.zaxxer.hikari.HikariDataSource   [ |  | ] - HikariPool-26 - Shutdown completed.
25-10-25 16:14:32.436 [restartedMain]  INFO com.spring.monew.MonewApplication    [ |  | ] - Starting MonewApplication using Java 17.0.15 with PID 1184 (C:\dev_source\sb05-monew-team7\monew\build\classes\java\main started by SW in C:\dev_source\sb05-monew-team7)
25-10-25 16:14:32.437 [restartedMain]  INFO com.spring.monew.MonewApplication    [ |  | ] - No active profile set, falling back to 1 default profile: "default"
25-10-25 16:14:34.383 [restartedMain]  INFO o.s.d.r.c.RepositoryConfigurationDelegate [ |  | ] - Multiple Spring Data modules found, entering strict repository configuration mode
25-10-25 16:14:34.383 [restartedMain]  INFO o.s.d.r.c.RepositoryConfigurationDelegate [ |  | ] - Bootstrapping Spring Data JPA repositories in DEFAULT mode.
25-10-25 16:14:34.505 [restartedMain]  INFO o.s.d.r.c.RepositoryConfigurationDelegate [ |  | ] - Finished Spring Data repository scanning in 119 ms. Found 0 JPA repository interfaces.
25-10-25 16:14:34.521 [restartedMain]  INFO o.s.d.r.c.RepositoryConfigurationDelegate [ |  | ] - Multiple Spring Data modules found, entering strict repository configuration mode
25-10-25 16:14:34.521 [restartedMain]  INFO o.s.d.r.c.RepositoryConfigurationDelegate [ |  | ] - Bootstrapping Spring Data MongoDB repositories in DEFAULT mode.
25-10-25 16:14:34.608 [restartedMain]  INFO o.s.d.r.c.RepositoryConfigurationDelegate [ |  | ] - Finished Spring Data repository scanning in 85 ms. Found 0 MongoDB repository interfaces.
25-10-25 16:14:34.614 [restartedMain]  INFO o.s.d.r.c.RepositoryConfigurationDelegate [ |  | ] - Multiple Spring Data modules found, entering strict repository configuration mode
25-10-25 16:14:34.614 [restartedMain]  INFO o.s.d.r.c.RepositoryConfigurationDelegate [ |  | ] - Bootstrapping Spring Data Redis repositories in DEFAULT mode.
25-10-25 16:14:34.691 [restartedMain]  INFO o.s.d.r.c.RepositoryConfigurationDelegate [ |  | ] - Finished Spring Data repository scanning in 72 ms. Found 0 Redis repository interfaces.
25-10-25 16:14:35.066 [restartedMain]  INFO o.s.b.w.e.tomcat.TomcatWebServer     [ |  | ] - Tomcat initialized with port 8080 (http)
25-10-25 16:14:35.067 [restartedMain]  INFO o.a.coyote.http11.Http11NioProtocol  [ |  | ] - Initializing ProtocolHandler ["http-nio-8080"]
25-10-25 16:14:35.069 [restartedMain]  INFO o.a.catalina.core.StandardService    [ |  | ] - Starting service [Tomcat]
25-10-25 16:14:35.069 [restartedMain]  INFO o.a.catalina.core.StandardEngine     [ |  | ] - Starting Servlet engine: [Apache Tomcat/10.1.46]
25-10-25 16:14:35.188 [restartedMain]  INFO o.a.c.c.C.[Tomcat-6].[localhost].[/] [ |  | ] - Initializing Spring embedded WebApplicationContext
25-10-25 16:14:35.188 [restartedMain]  INFO o.s.b.w.s.c.ServletWebServerApplicationContext [ |  | ] - Root WebApplicationContext: initialization completed in 2747 ms
25-10-25 16:14:35.309 [restartedMain] DEBUG o.s.w.f.ServerHttpObservationFilter  [ |  | ] - Filter 'webMvcObservationFilter' configured for use
25-10-25 16:14:35.374 [restartedMain]  INFO com.zaxxer.hikari.HikariDataSource   [ |  | ] - HikariPool-27 - Starting...
25-10-25 16:14:35.664 [restartedMain]  INFO com.zaxxer.hikari.pool.HikariPool    [ |  | ] - HikariPool-27 - Added connection org.postgresql.jdbc.PgConnection@45af8b1f
25-10-25 16:14:35.664 [restartedMain]  INFO com.zaxxer.hikari.HikariDataSource   [ |  | ] - HikariPool-27 - Start completed.
25-10-25 16:14:35.742 [restartedMain]  INFO o.h.jpa.internal.util.LogHelper      [ |  | ] - HHH000204: Processing PersistenceUnitInfo [name: default]
25-10-25 16:14:35.748 [restartedMain]  INFO o.h.c.i.RegionFactoryInitiator       [ |  | ] - HHH000026: Second-level cache disabled
25-10-25 16:14:35.763 [restartedMain]  INFO o.s.o.j.p.SpringPersistenceUnitInfo  [ |  | ] - No LoadTimeWeaver setup: ignoring JPA class transformer
25-10-25 16:14:35.792 [restartedMain]  WARN org.hibernate.orm.deprecation        [ |  | ] - HHH90000025: PostgreSQLDialect does not need to be specified explicitly using 'hibernate.dialect' (remove the property setting and it will be selected by default)
25-10-25 16:14:35.794 [restartedMain]  INFO o.hibernate.orm.connections.pooling  [ |  | ] - HHH10001005: Database info:
	Database JDBC URL [Connecting through datasource 'HikariDataSource (HikariPool-27)']
	Database driver: undefined/unknown
	Database version: 17.6
	Autocommit mode: undefined/unknown
	Isolation level: undefined/unknown
	Minimum pool size: undefined/unknown
	Maximum pool size: undefined/unknown
25-10-25 16:14:35.794 [restartedMain] DEBUG o.h.t.d.sql.spi.DdlTypeRegistry      [ |  | ] - addDescriptor(2003, org.hibernate.type.descriptor.sql.internal.ArrayDdlTypeImpl@49585b4a) replaced previous registration(org.hibernate.type.descriptor.sql.internal.ArrayDdlTypeImpl@102325de)
25-10-25 16:14:35.794 [restartedMain] DEBUG o.h.t.d.sql.spi.DdlTypeRegistry      [ |  | ] - addDescriptor(6, org.hibernate.type.descriptor.sql.internal.CapacityDependentDdlType@2e9c8b85) replaced previous registration(org.hibernate.type.descriptor.sql.internal.DdlTypeImpl@60a433d8)
25-10-25 16:14:35.831 [restartedMain]  INFO o.h.e.t.j.p.i.JtaPlatformInitiator   [ |  | ] - HHH000489: No JTA platform available (set 'hibernate.transaction.jta.platform' to enable JTA platform integration)
25-10-25 16:14:35.831 [restartedMain]  INFO o.s.o.j.LocalContainerEntityManagerFactoryBean [ |  | ] - Initialized JPA EntityManagerFactory for persistence unit 'default'
25-10-25 16:14:35.859 [restartedMain]  WARN o.s.b.w.s.c.AnnotationConfigServletWebServerApplicationContext [ |  | ] - Exception encountered during context initialization - cancelling refresh attempt: org.springframework.beans.factory.BeanCreationException: Error creating bean with name 'userController': Resolution of declared constructors on bean Class [com.spring.monew.user.controller.UserController] from ClassLoader [org.springframework.boot.devtools.restart.classloader.RestartClassLoader@48b7ffec] failed
25-10-25 16:14:35.859 [restartedMain]  INFO o.s.o.j.LocalContainerEntityManagerFactoryBean [ |  | ] - Closing JPA EntityManagerFactory for persistence unit 'default'
25-10-25 16:14:35.860 [restartedMain]  INFO com.zaxxer.hikari.HikariDataSource   [ |  | ] - HikariPool-27 - Shutdown initiated...
25-10-25 16:14:35.930 [restartedMain]  INFO com.zaxxer.hikari.HikariDataSource   [ |  | ] - HikariPool-27 - Shutdown completed.
25-10-25 16:14:35.930 [restartedMain]  INFO o.a.catalina.core.StandardService    [ |  | ] - Stopping service [Tomcat]
25-10-25 16:14:35.959 [restartedMain]  INFO o.s.b.a.l.ConditionEvaluationReportLogger [ |  | ] - 

Error starting ApplicationContext. To display the condition evaluation report re-run your application with 'debug' enabled.
25-10-25 16:14:35.990 [restartedMain] ERROR o.s.boot.SpringApplication           [ |  | ] - Application run failed
org.springframework.beans.factory.BeanCreationException: Error creating bean with name 'userController': Resolution of declared constructors on bean Class [com.spring.monew.user.controller.UserController] from ClassLoader [org.springframework.boot.devtools.restart.classloader.RestartClassLoader@48b7ffec] failed
	at org.springframework.beans.factory.annotation.AutowiredAnnotationBeanPostProcessor.determineCandidateConstructors(AutowiredAnnotationBeanPostProcessor.java:384)
	at org.springframework.beans.factory.support.AbstractAutowireCapableBeanFactory.determineConstructorsFromBeanPostProcessors(AbstractAutowireCapableBeanFactory.java:1334)
	at org.springframework.beans.factory.support.AbstractAutowireCapableBeanFactory.createBeanInstance(AbstractAutowireCapableBeanFactory.java:1229)
	at org.springframework.beans.factory.support.AbstractAutowireCapableBeanFactory.doCreateBean(AbstractAutowireCapableBeanFactory.java:569)
	at org.springframework.beans.factory.support.AbstractAutowireCapableBeanFactory.createBean(AbstractAutowireCapableBeanFactory.java:529)
	at org.springframework.beans.factory.support.AbstractBeanFactory.lambda$doGetBean$0(AbstractBeanFactory.java:339)
	at org.springframework.beans.factory.support.DefaultSingletonBeanRegistry.getSingleton(DefaultSingletonBeanRegistry.java:373)
	at org.springframework.beans.factory.support.AbstractBeanFactory.doGetBean(AbstractBeanFactory.java:337)
	at org.springframework.beans.factory.support.AbstractBeanFactory.getBean(AbstractBeanFactory.java:202)
	at org.springframework.beans.factory.support.DefaultListableBeanFactory.instantiateSingleton(DefaultListableBeanFactory.java:1221)
	at org.springframework.beans.factory.support.DefaultListableBeanFactory.preInstantiateSingleton(DefaultListableBeanFactory.java:1187)
	at org.springframework.beans.factory.support.DefaultListableBeanFactory.preInstantiateSingletons(DefaultListableBeanFactory.java:1123)
	at org.springframework.context.support.AbstractApplicationContext.finishBeanFactoryInitialization(AbstractApplicationContext.java:987)
	at org.springframework.context.support.AbstractApplicationContext.refresh(AbstractApplicationContext.java:627)
	at org.springframework.boot.web.servlet.context.ServletWebServerApplicationContext.refresh(ServletWebServerApplicationContext.java:146)
	at org.springframework.boot.SpringApplication.refresh(SpringApplication.java:752)
	at org.springframework.boot.SpringApplication.refreshContext(SpringApplication.java:439)
	at org.springframework.boot.SpringApplication.run(SpringApplication.java:318)
	at org.springframework.boot.SpringApplication.run(SpringApplication.java:1361)
	at org.springframework.boot.SpringApplication.run(SpringApplication.java:1350)
	at com.spring.monew.MonewApplication.main(MonewApplication.java:10)
	at java.base/jdk.internal.reflect.NativeMethodAccessorImpl.invoke0(Native Method)
	at java.base/jdk.internal.reflect.NativeMethodAccessorImpl.invoke(NativeMethodAccessorImpl.java:77)
	at java.base/jdk.internal.reflect.DelegatingMethodAccessorImpl.invoke(DelegatingMethodAccessorImpl.java:43)
	at java.base/java.lang.reflect.Method.invoke(Method.java:568)
	at org.springframework.boot.devtools.restart.RestartLauncher.run(RestartLauncher.java:50)
Caused by: java.lang.NoClassDefFoundError: com/spring/monew/user/service/UserService
	at java.base/java.lang.Class.getDeclaredConstructors0(Native Method)
	at java.base/java.lang.Class.privateGetDeclaredConstructors(Class.java:3373)
	at java.base/java.lang.Class.getDeclaredConstructors(Class.java:2555)
	at org.springframework.beans.factory.annotation.AutowiredAnnotationBeanPostProcessor.determineCandidateConstructors(AutowiredAnnotationBeanPostProcessor.java:379)
	... 25 common frames omitted
Caused by: java.lang.ClassNotFoundException: com.spring.monew.user.service.UserService
	at java.base/jdk.internal.loader.BuiltinClassLoader.loadClass(BuiltinClassLoader.java:641)
	at java.base/jdk.internal.loader.ClassLoaders$AppClassLoader.loadClass(ClassLoaders.java:188)
	at java.base/java.lang.ClassLoader.loadClass(ClassLoader.java:525)
	at java.base/java.lang.Class.forName0(Native Method)
	at java.base/java.lang.Class.forName(Class.java:467)
	at org.springframework.boot.devtools.restart.classloader.RestartClassLoader.loadClass(RestartClassLoader.java:121)
	at java.base/java.lang.ClassLoader.loadClass(ClassLoader.java:525)
	... 29 common frames omitted
25-10-25 16:14:37.755 [restartedMain]  INFO com.spring.monew.MonewApplication    [ |  | ] - Starting MonewApplication using Java 17.0.15 with PID 1184 (C:\dev_source\sb05-monew-team7\monew\build\classes\java\main started by SW in C:\dev_source\sb05-monew-team7)
25-10-25 16:14:37.756 [restartedMain]  INFO com.spring.monew.MonewApplication    [ |  | ] - No active profile set, falling back to 1 default profile: "default"
25-10-25 16:14:38.812 [restartedMain]  INFO o.s.d.r.c.RepositoryConfigurationDelegate [ |  | ] - Multiple Spring Data modules found, entering strict repository configuration mode
25-10-25 16:14:38.813 [restartedMain]  INFO o.s.d.r.c.RepositoryConfigurationDelegate [ |  | ] - Bootstrapping Spring Data JPA repositories in DEFAULT mode.
25-10-25 16:14:38.865 [restartedMain]  INFO o.s.d.r.c.RepositoryConfigurationDelegate [ |  | ] - Finished Spring Data repository scanning in 49 ms. Found 0 JPA repository interfaces.
25-10-25 16:14:38.868 [restartedMain]  INFO o.s.d.r.c.RepositoryConfigurationDelegate [ |  | ] - Multiple Spring Data modules found, entering strict repository configuration mode
25-10-25 16:14:38.868 [restartedMain]  INFO o.s.d.r.c.RepositoryConfigurationDelegate [ |  | ] - Bootstrapping Spring Data MongoDB repositories in DEFAULT mode.
25-10-25 16:14:38.927 [restartedMain]  INFO o.s.d.r.c.RepositoryConfigurationDelegate [ |  | ] - Finished Spring Data repository scanning in 58 ms. Found 0 MongoDB repository interfaces.
25-10-25 16:14:38.936 [restartedMain]  INFO o.s.d.r.c.RepositoryConfigurationDelegate [ |  | ] - Multiple Spring Data modules found, entering strict repository configuration mode
25-10-25 16:14:38.936 [restartedMain]  INFO o.s.d.r.c.RepositoryConfigurationDelegate [ |  | ] - Bootstrapping Spring Data Redis repositories in DEFAULT mode.
25-10-25 16:14:38.985 [restartedMain]  INFO o.s.d.r.c.RepositoryConfigurationDelegate [ |  | ] - Finished Spring Data repository scanning in 46 ms. Found 0 Redis repository interfaces.
25-10-25 16:14:39.210 [restartedMain]  INFO o.s.b.w.e.tomcat.TomcatWebServer     [ |  | ] - Tomcat initialized with port 8080 (http)
25-10-25 16:14:39.210 [restartedMain]  INFO o.a.coyote.http11.Http11NioProtocol  [ |  | ] - Initializing ProtocolHandler ["http-nio-8080"]
25-10-25 16:14:39.211 [restartedMain]  INFO o.a.catalina.core.StandardService    [ |  | ] - Starting service [Tomcat]
25-10-25 16:14:39.211 [restartedMain]  INFO o.a.catalina.core.StandardEngine     [ |  | ] - Starting Servlet engine: [Apache Tomcat/10.1.46]
25-10-25 16:14:39.285 [restartedMain]  INFO o.a.c.c.C.[Tomcat-7].[localhost].[/] [ |  | ] - Initializing Spring embedded WebApplicationContext
25-10-25 16:14:39.285 [restartedMain]  INFO o.s.b.w.s.c.ServletWebServerApplicationContext [ |  | ] - Root WebApplicationContext: initialization completed in 1527 ms
25-10-25 16:14:39.436 [restartedMain] DEBUG o.s.w.f.ServerHttpObservationFilter  [ |  | ] - Filter 'webMvcObservationFilter' configured for use
25-10-25 16:14:39.468 [restartedMain]  INFO com.zaxxer.hikari.HikariDataSource   [ |  | ] - HikariPool-28 - Starting...
25-10-25 16:14:39.593 [restartedMain]  INFO com.zaxxer.hikari.pool.HikariPool    [ |  | ] - HikariPool-28 - Added connection org.postgresql.jdbc.PgConnection@78c72c35
25-10-25 16:14:39.594 [restartedMain]  INFO com.zaxxer.hikari.HikariDataSource   [ |  | ] - HikariPool-28 - Start completed.
25-10-25 16:14:39.649 [restartedMain]  INFO o.h.jpa.internal.util.LogHelper      [ |  | ] - HHH000204: Processing PersistenceUnitInfo [name: default]
25-10-25 16:14:39.657 [restartedMain]  INFO o.h.c.i.RegionFactoryInitiator       [ |  | ] - HHH000026: Second-level cache disabled
25-10-25 16:14:39.671 [restartedMain]  INFO o.s.o.j.p.SpringPersistenceUnitInfo  [ |  | ] - No LoadTimeWeaver setup: ignoring JPA class transformer
25-10-25 16:14:39.689 [restartedMain]  WARN org.hibernate.orm.deprecation        [ |  | ] - HHH90000025: PostgreSQLDialect does not need to be specified explicitly using 'hibernate.dialect' (remove the property setting and it will be selected by default)
25-10-25 16:14:39.690 [restartedMain]  INFO o.hibernate.orm.connections.pooling  [ |  | ] - HHH10001005: Database info:
	Database JDBC URL [Connecting through datasource 'HikariDataSource (HikariPool-28)']
	Database driver: undefined/unknown
	Database version: 17.6
	Autocommit mode: undefined/unknown
	Isolation level: undefined/unknown
	Minimum pool size: undefined/unknown
	Maximum pool size: undefined/unknown
25-10-25 16:14:39.691 [restartedMain] DEBUG o.h.t.d.sql.spi.DdlTypeRegistry      [ |  | ] - addDescriptor(2003, org.hibernate.type.descriptor.sql.internal.ArrayDdlTypeImpl@36a61ea4) replaced previous registration(org.hibernate.type.descriptor.sql.internal.ArrayDdlTypeImpl@3176b70)
25-10-25 16:14:39.691 [restartedMain] DEBUG o.h.t.d.sql.spi.DdlTypeRegistry      [ |  | ] - addDescriptor(6, org.hibernate.type.descriptor.sql.internal.CapacityDependentDdlType@582aa7f6) replaced previous registration(org.hibernate.type.descriptor.sql.internal.DdlTypeImpl@44731971)
25-10-25 16:14:39.729 [restartedMain]  INFO o.h.e.t.j.p.i.JtaPlatformInitiator   [ |  | ] - HHH000489: No JTA platform available (set 'hibernate.transaction.jta.platform' to enable JTA platform integration)
25-10-25 16:14:39.730 [restartedMain]  INFO o.s.o.j.LocalContainerEntityManagerFactoryBean [ |  | ] - Initialized JPA EntityManagerFactory for persistence unit 'default'
25-10-25 16:14:39.750 [restartedMain]  WARN o.s.b.w.s.c.AnnotationConfigServletWebServerApplicationContext [ |  | ] - Exception encountered during context initialization - cancelling refresh attempt: org.springframework.beans.factory.BeanCreationException: Error creating bean with name 'userController': Resolution of declared constructors on bean Class [com.spring.monew.user.controller.UserController] from ClassLoader [org.springframework.boot.devtools.restart.classloader.RestartClassLoader@76072f87] failed
25-10-25 16:14:39.750 [restartedMain]  INFO o.s.o.j.LocalContainerEntityManagerFactoryBean [ |  | ] - Closing JPA EntityManagerFactory for persistence unit 'default'
25-10-25 16:14:39.750 [restartedMain]  INFO com.zaxxer.hikari.HikariDataSource   [ |  | ] - HikariPool-28 - Shutdown initiated...
25-10-25 16:14:39.857 [restartedMain]  INFO com.zaxxer.hikari.HikariDataSource   [ |  | ] - HikariPool-28 - Shutdown completed.
25-10-25 16:14:39.858 [restartedMain]  INFO o.a.catalina.core.StandardService    [ |  | ] - Stopping service [Tomcat]
25-10-25 16:14:39.879 [restartedMain]  INFO o.s.b.a.l.ConditionEvaluationReportLogger [ |  | ] - 

Error starting ApplicationContext. To display the condition evaluation report re-run your application with 'debug' enabled.
25-10-25 16:14:39.884 [restartedMain] ERROR o.s.boot.SpringApplication           [ |  | ] - Application run failed
org.springframework.beans.factory.BeanCreationException: Error creating bean with name 'userController': Resolution of declared constructors on bean Class [com.spring.monew.user.controller.UserController] from ClassLoader [org.springframework.boot.devtools.restart.classloader.RestartClassLoader@76072f87] failed
	at org.springframework.beans.factory.annotation.AutowiredAnnotationBeanPostProcessor.determineCandidateConstructors(AutowiredAnnotationBeanPostProcessor.java:384)
	at org.springframework.beans.factory.support.AbstractAutowireCapableBeanFactory.determineConstructorsFromBeanPostProcessors(AbstractAutowireCapableBeanFactory.java:1334)
	at org.springframework.beans.factory.support.AbstractAutowireCapableBeanFactory.createBeanInstance(AbstractAutowireCapableBeanFactory.java:1229)
	at org.springframework.beans.factory.support.AbstractAutowireCapableBeanFactory.doCreateBean(AbstractAutowireCapableBeanFactory.java:569)
	at org.springframework.beans.factory.support.AbstractAutowireCapableBeanFactory.createBean(AbstractAutowireCapableBeanFactory.java:529)
	at org.springframework.beans.factory.support.AbstractBeanFactory.lambda$doGetBean$0(AbstractBeanFactory.java:339)
	at org.springframework.beans.factory.support.DefaultSingletonBeanRegistry.getSingleton(DefaultSingletonBeanRegistry.java:373)
	at org.springframework.beans.factory.support.AbstractBeanFactory.doGetBean(AbstractBeanFactory.java:337)
	at org.springframework.beans.factory.support.AbstractBeanFactory.getBean(AbstractBeanFactory.java:202)
	at org.springframework.beans.factory.support.DefaultListableBeanFactory.instantiateSingleton(DefaultListableBeanFactory.java:1221)
	at org.springframework.beans.factory.support.DefaultListableBeanFactory.preInstantiateSingleton(DefaultListableBeanFactory.java:1187)
	at org.springframework.beans.factory.support.DefaultListableBeanFactory.preInstantiateSingletons(DefaultListableBeanFactory.java:1123)
	at org.springframework.context.support.AbstractApplicationContext.finishBeanFactoryInitialization(AbstractApplicationContext.java:987)
	at org.springframework.context.support.AbstractApplicationContext.refresh(AbstractApplicationContext.java:627)
	at org.springframework.boot.web.servlet.context.ServletWebServerApplicationContext.refresh(ServletWebServerApplicationContext.java:146)
	at org.springframework.boot.SpringApplication.refresh(SpringApplication.java:752)
	at org.springframework.boot.SpringApplication.refreshContext(SpringApplication.java:439)
	at org.springframework.boot.SpringApplication.run(SpringApplication.java:318)
	at org.springframework.boot.SpringApplication.run(SpringApplication.java:1361)
	at org.springframework.boot.SpringApplication.run(SpringApplication.java:1350)
	at com.spring.monew.MonewApplication.main(MonewApplication.java:10)
	at java.base/jdk.internal.reflect.NativeMethodAccessorImpl.invoke0(Native Method)
	at java.base/jdk.internal.reflect.NativeMethodAccessorImpl.invoke(NativeMethodAccessorImpl.java:77)
	at java.base/jdk.internal.reflect.DelegatingMethodAccessorImpl.invoke(DelegatingMethodAccessorImpl.java:43)
	at java.base/java.lang.reflect.Method.invoke(Method.java:568)
	at org.springframework.boot.devtools.restart.RestartLauncher.run(RestartLauncher.java:50)
Caused by: java.lang.NoClassDefFoundError: com/spring/monew/user/service/UserService
	at java.base/java.lang.Class.getDeclaredConstructors0(Native Method)
	at java.base/java.lang.Class.privateGetDeclaredConstructors(Class.java:3373)
	at java.base/java.lang.Class.getDeclaredConstructors(Class.java:2555)
	at org.springframework.beans.factory.annotation.AutowiredAnnotationBeanPostProcessor.determineCandidateConstructors(AutowiredAnnotationBeanPostProcessor.java:379)
	... 25 common frames omitted
Caused by: java.lang.ClassNotFoundException: com.spring.monew.user.service.UserService
	at java.base/jdk.internal.loader.BuiltinClassLoader.loadClass(BuiltinClassLoader.java:641)
	at java.base/jdk.internal.loader.ClassLoaders$AppClassLoader.loadClass(ClassLoaders.java:188)
	at java.base/java.lang.ClassLoader.loadClass(ClassLoader.java:525)
	at java.base/java.lang.Class.forName0(Native Method)
	at java.base/java.lang.Class.forName(Class.java:467)
	at org.springframework.boot.devtools.restart.classloader.RestartClassLoader.loadClass(RestartClassLoader.java:121)
	at java.base/java.lang.ClassLoader.loadClass(ClassLoader.java:525)
	... 29 common frames omitted
25-10-25 16:15:37.903 [restartedMain]  INFO com.spring.monew.MonewApplication    [ |  | ] - Starting MonewApplication using Java 17.0.15 with PID 1184 (C:\dev_source\sb05-monew-team7\monew\build\classes\java\main started by SW in C:\dev_source\sb05-monew-team7)
25-10-25 16:15:37.904 [restartedMain]  INFO com.spring.monew.MonewApplication    [ |  | ] - No active profile set, falling back to 1 default profile: "default"
25-10-25 16:15:39.665 [restartedMain]  INFO o.s.d.r.c.RepositoryConfigurationDelegate [ |  | ] - Multiple Spring Data modules found, entering strict repository configuration mode
25-10-25 16:15:39.665 [restartedMain]  INFO o.s.d.r.c.RepositoryConfigurationDelegate [ |  | ] - Bootstrapping Spring Data JPA repositories in DEFAULT mode.
25-10-25 16:15:39.667 [restartedMain]  INFO o.s.d.r.c.RepositoryConfigurationDelegate [ |  | ] - Finished Spring Data repository scanning in 0 ms. Found 0 JPA repository interfaces.
25-10-25 16:15:39.670 [restartedMain]  INFO o.s.d.r.c.RepositoryConfigurationDelegate [ |  | ] - Multiple Spring Data modules found, entering strict repository configuration mode
25-10-25 16:15:39.670 [restartedMain]  INFO o.s.d.r.c.RepositoryConfigurationDelegate [ |  | ] - Bootstrapping Spring Data MongoDB repositories in DEFAULT mode.
25-10-25 16:15:39.672 [restartedMain]  INFO o.s.d.r.c.RepositoryConfigurationDelegate [ |  | ] - Finished Spring Data repository scanning in 0 ms. Found 0 MongoDB repository interfaces.
25-10-25 16:15:39.675 [restartedMain]  INFO o.s.d.r.c.RepositoryConfigurationDelegate [ |  | ] - Multiple Spring Data modules found, entering strict repository configuration mode
25-10-25 16:15:39.675 [restartedMain]  INFO o.s.d.r.c.RepositoryConfigurationDelegate [ |  | ] - Bootstrapping Spring Data Redis repositories in DEFAULT mode.
25-10-25 16:15:39.678 [restartedMain]  INFO o.s.d.r.c.RepositoryConfigurationDelegate [ |  | ] - Finished Spring Data repository scanning in 0 ms. Found 0 Redis repository interfaces.
25-10-25 16:15:40.006 [restartedMain]  INFO o.s.b.w.e.tomcat.TomcatWebServer     [ |  | ] - Tomcat initialized with port 8080 (http)
25-10-25 16:15:40.008 [restartedMain]  INFO o.a.coyote.http11.Http11NioProtocol  [ |  | ] - Initializing ProtocolHandler ["http-nio-8080"]
25-10-25 16:15:40.009 [restartedMain]  INFO o.a.catalina.core.StandardService    [ |  | ] - Starting service [Tomcat]
25-10-25 16:15:40.009 [restartedMain]  INFO o.a.catalina.core.StandardEngine     [ |  | ] - Starting Servlet engine: [Apache Tomcat/10.1.46]
25-10-25 16:15:40.100 [restartedMain]  INFO o.a.c.c.C.[Tomcat-8].[localhost].[/] [ |  | ] - Initializing Spring embedded WebApplicationContext
25-10-25 16:15:40.100 [restartedMain]  INFO o.s.b.w.s.c.ServletWebServerApplicationContext [ |  | ] - Root WebApplicationContext: initialization completed in 2192 ms
25-10-25 16:15:40.209 [restartedMain] DEBUG o.s.w.f.ServerHttpObservationFilter  [ |  | ] - Filter 'webMvcObservationFilter' configured for use
25-10-25 16:15:40.242 [restartedMain]  INFO com.zaxxer.hikari.HikariDataSource   [ |  | ] - HikariPool-29 - Starting...
25-10-25 16:15:40.355 [restartedMain]  INFO com.zaxxer.hikari.pool.HikariPool    [ |  | ] - HikariPool-29 - Added connection org.postgresql.jdbc.PgConnection@2ae6d90f
25-10-25 16:15:40.355 [restartedMain]  INFO com.zaxxer.hikari.HikariDataSource   [ |  | ] - HikariPool-29 - Start completed.
25-10-25 16:15:40.372 [restartedMain]  INFO o.h.jpa.internal.util.LogHelper      [ |  | ] - HHH000204: Processing PersistenceUnitInfo [name: default]
25-10-25 16:15:40.378 [restartedMain]  INFO o.h.c.i.RegionFactoryInitiator       [ |  | ] - HHH000026: Second-level cache disabled
25-10-25 16:15:40.392 [restartedMain]  INFO o.s.o.j.p.SpringPersistenceUnitInfo  [ |  | ] - No LoadTimeWeaver setup: ignoring JPA class transformer
25-10-25 16:15:40.433 [restartedMain]  WARN org.hibernate.orm.deprecation        [ |  | ] - HHH90000025: PostgreSQLDialect does not need to be specified explicitly using 'hibernate.dialect' (remove the property setting and it will be selected by default)
25-10-25 16:15:40.440 [restartedMain]  INFO o.hibernate.orm.connections.pooling  [ |  | ] - HHH10001005: Database info:
	Database JDBC URL [Connecting through datasource 'HikariDataSource (HikariPool-29)']
	Database driver: undefined/unknown
	Database version: 17.6
	Autocommit mode: undefined/unknown
	Isolation level: undefined/unknown
	Minimum pool size: undefined/unknown
	Maximum pool size: undefined/unknown
25-10-25 16:15:40.441 [restartedMain] DEBUG o.h.t.d.sql.spi.DdlTypeRegistry      [ |  | ] - addDescriptor(2003, org.hibernate.type.descriptor.sql.internal.ArrayDdlTypeImpl@786a3707) replaced previous registration(org.hibernate.type.descriptor.sql.internal.ArrayDdlTypeImpl@4f6c3232)
25-10-25 16:15:40.441 [restartedMain] DEBUG o.h.t.d.sql.spi.DdlTypeRegistry      [ |  | ] - addDescriptor(6, org.hibernate.type.descriptor.sql.internal.CapacityDependentDdlType@6b48de26) replaced previous registration(org.hibernate.type.descriptor.sql.internal.DdlTypeImpl@498e541d)
25-10-25 16:15:40.534 [restartedMain]  INFO o.h.e.t.j.p.i.JtaPlatformInitiator   [ |  | ] - HHH000489: No JTA platform available (set 'hibernate.transaction.jta.platform' to enable JTA platform integration)
25-10-25 16:15:40.534 [restartedMain]  INFO o.s.o.j.LocalContainerEntityManagerFactoryBean [ |  | ] - Initialized JPA EntityManagerFactory for persistence unit 'default'
25-10-25 16:15:40.676 [restartedMain]  WARN o.s.b.a.o.j.JpaBaseConfiguration$JpaWebConfiguration [ |  | ] - spring.jpa.open-in-view is enabled by default. Therefore, database queries may be performed during view rendering. Explicitly configure spring.jpa.open-in-view to disable this warning
25-10-25 16:15:40.701 [restartedMain]  INFO o.s.b.a.w.s.WelcomePageHandlerMapping [ |  | ] - Adding welcome page: class path resource [static/index.html]
25-10-25 16:15:40.759 [restartedMain] DEBUG o.s.w.s.m.m.a.RequestMappingHandlerMapping [ |  | ] - 6 mappings in 'requestMappingHandlerMapping'
25-10-25 16:15:40.836 [restartedMain] DEBUG o.s.w.s.h.SimpleUrlHandlerMapping    [ |  | ] - Patterns [/webjars/**, /**, /swagger-ui*/*swagger-initializer.js, /swagger-ui*/**] in 'resourceHandlerMapping'
25-10-25 16:15:40.855 [restartedMain] DEBUG o.s.w.s.m.m.a.RequestMappingHandlerAdapter [ |  | ] - ControllerAdvice beans: 0 @ModelAttribute, 0 @InitBinder, 1 RequestBodyAdvice, 1 ResponseBodyAdvice
25-10-25 16:15:40.879 [restartedMain] DEBUG o.s.w.s.m.m.a.ExceptionHandlerExceptionResolver [ |  | ] - ControllerAdvice beans: 1 @ExceptionHandler, 1 ResponseBodyAdvice
25-10-25 16:15:41.072 [restartedMain]  INFO org.mongodb.driver.client            [ |  | ] - MongoClient with metadata {"driver": {"name": "mongo-java-driver|sync|spring-boot", "version": "5.5.1"}, "os": {"type": "Windows", "name": "Windows 11", "architecture": "amd64", "version": "10.0"}, "platform": "Java/Oracle Corporation/17.0.15+9-LTS-241"} created with settings MongoClientSettings{readPreference=primary, writeConcern=WriteConcern{w=null, wTimeout=null ms, journal=null}, retryWrites=true, retryReads=true, readConcern=ReadConcern{level=null}, credential=null, transportSettings=null, commandListeners=[io.micrometer.core.instrument.binder.mongodb.MongoMetricsCommandListener@53103078], codecRegistry=ProvidersCodecRegistry{codecProviders=[ValueCodecProvider{}, BsonValueCodecProvider{}, DBRefCodecProvider{}, DBObjectCodecProvider{}, DocumentCodecProvider{}, CollectionCodecProvider{}, IterableCodecProvider{}, MapCodecProvider{}, GeoJsonCodecProvider{}, GridFSFileCodecProvider{}, Jsr310CodecProvider{}, JsonObjectCodecProvider{}, BsonCodecProvider{}, EnumCodecProvider{}, com.mongodb.client.model.mql.ExpressionCodecProvider@6edba9db, com.mongodb.Jep395RecordCodecProvider@342ce045, com.mongodb.KotlinCodecProvider@3d1ec787]}, loggerSettings=LoggerSettings{maxDocumentLength=1000}, clusterSettings={hosts=[localhost:27017], srvServiceName=mongodb, mode=SINGLE, requiredClusterType=UNKNOWN, requiredReplicaSetName='null', serverSelector='null', clusterListeners='[]', serverSelectionTimeout='30000 ms', localThreshold='15 ms'}, socketSettings=SocketSettings{connectTimeoutMS=10000, readTimeoutMS=0, receiveBufferSize=0, proxySettings=ProxySettings{host=null, port=null, username=null, password=null}}, heartbeatSocketSettings=SocketSettings{connectTimeoutMS=10000, readTimeoutMS=10000, receiveBufferSize=0, proxySettings=ProxySettings{host=null, port=null, username=null, password=null}}, connectionPoolSettings=ConnectionPoolSettings{maxSize=100, minSize=0, maxWaitTimeMS=120000, maxConnectionLifeTimeMS=0, maxConnectionIdleTimeMS=0, maintenanceInitialDelayMS=0, maintenanceFrequencyMS=60000, connectionPoolListeners=[io.micrometer.core.instrument.binder.mongodb.MongoMetricsConnectionPoolListener@505bd70], maxConnecting=2}, serverSettings=ServerSettings{heartbeatFrequencyMS=10000, minHeartbeatFrequencyMS=500, serverMonitoringMode=AUTO, serverListeners='[]', serverMonitorListeners='[]'}, sslSettings=SslSettings{enabled=false, invalidHostNameAllowed=false, context=null}, applicationName='null', compressorList=[], uuidRepresentation=JAVA_LEGACY, serverApi=null, autoEncryptionSettings=null, dnsClient=null, inetAddressResolver=null, contextProvider=null, timeoutMS=null}
25-10-25 16:15:41.093 [cluster-ClusterId{value='68fc791d6d6c3fe60e36e49e', description='null'}-localhost:27017]  INFO org.mongodb.driver.cluster           [ |  | ] - Monitor thread successfully connected to server with description ServerDescription{address=localhost:27017, type=STANDALONE, cryptd=false, state=CONNECTED, ok=true, minWireVersion=0, maxWireVersion=27, maxDocumentSize=16777216, logicalSessionTimeoutMinutes=30, roundTripTimeNanos=21672300, minRoundTripTimeNanos=0}
25-10-25 16:15:41.363 [restartedMain]  WARN o.s.b.a.s.s.UserDetailsServiceAutoConfiguration [ |  | ] - 

Using generated security password: dece10b9-2c7e-4bd3-a6ba-e930d32defc6

This generated password is for development use only. Your security configuration must be updated before running your application in production.

25-10-25 16:15:41.366 [restartedMain]  INFO o.s.s.c.a.a.c.InitializeUserDetailsBeanManagerConfigurer$InitializeUserDetailsManagerConfigurer [ |  | ] - Global AuthenticationManager configured with UserDetailsService bean with name inMemoryUserDetailsManager
25-10-25 16:15:41.408 [restartedMain]  INFO o.s.b.a.e.web.EndpointLinksResolver  [ |  | ] - Exposing 3 endpoints beneath base path '/actuator'
25-10-25 16:15:41.561 [restartedMain]  INFO o.s.b.a.h.H2ConsoleAutoConfiguration [ |  | ] - H2 console available at '/h2-console'. Database available at 'jdbc:postgresql://localhost:5432/monew'
25-10-25 16:15:41.611 [restartedMain]  INFO o.s.b.d.a.OptionalLiveReloadServer   [ |  | ] - LiveReload server is running on port 35729
25-10-25 16:15:41.660 [restartedMain]  INFO o.a.coyote.http11.Http11NioProtocol  [ |  | ] - Starting ProtocolHandler ["http-nio-8080"]
25-10-25 16:15:41.673 [restartedMain]  INFO o.s.b.w.e.tomcat.TomcatWebServer     [ |  | ] - Tomcat started on port 8080 (http) with context path '/'
25-10-25 16:15:41.701 [restartedMain]  INFO com.spring.monew.MonewApplication    [ |  | ] - Started MonewApplication in 3.959 seconds (process running for 85252.121)
25-10-25 16:15:41.707 [restartedMain]  INFO o.s.b.d.a.ConditionEvaluationDeltaLoggingListener [ |  | ] - Condition evaluation unchanged
25-10-25 16:15:51.045 [File Watcher]  INFO o.s.b.d.a.LocalDevToolsAutoConfiguration$RestartingClassPathChangeChangedEventListener [ |  | ] - Restarting due to 66 class path changes (0 additions, 66 deletions, 0 modifications)
25-10-25 16:15:51.067 [Thread-101]  INFO o.s.b.w.e.tomcat.GracefulShutdown    [ |  | ] - Commencing graceful shutdown. Waiting for active requests to complete
25-10-25 16:15:51.073 [tomcat-shutdown]  INFO o.a.coyote.http11.Http11NioProtocol  [ |  | ] - Pausing ProtocolHandler ["http-nio-8080"]
25-10-25 16:15:51.760 [tomcat-shutdown]  INFO o.s.b.w.e.tomcat.GracefulShutdown    [ |  | ] - Graceful shutdown complete
25-10-25 16:15:51.763 [Thread-101]  INFO o.a.coyote.http11.Http11NioProtocol  [ |  | ] - Stopping ProtocolHandler ["http-nio-8080"]
25-10-25 16:15:51.788 [Thread-101]  INFO o.s.o.j.LocalContainerEntityManagerFactoryBean [ |  | ] - Closing JPA EntityManagerFactory for persistence unit 'default'
25-10-25 16:15:51.794 [Thread-101]  INFO com.zaxxer.hikari.HikariDataSource   [ |  | ] - HikariPool-29 - Shutdown initiated...
25-10-25 16:15:51.815 [Thread-101]  INFO com.zaxxer.hikari.HikariDataSource   [ |  | ] - HikariPool-29 - Shutdown completed.
25-10-25 16:15:52.512 [restartedMain]  INFO com.spring.monew.MonewApplication    [ |  | ] - Starting MonewApplication using Java 17.0.15 with PID 1184 (C:\dev_source\sb05-monew-team7\monew\build\classes\java\main started by SW in C:\dev_source\sb05-monew-team7)
25-10-25 16:15:52.512 [restartedMain]  INFO com.spring.monew.MonewApplication    [ |  | ] - No active profile set, falling back to 1 default profile: "default"
25-10-25 16:15:54.628 [restartedMain]  INFO o.s.d.r.c.RepositoryConfigurationDelegate [ |  | ] - Multiple Spring Data modules found, entering strict repository configuration mode
25-10-25 16:15:54.629 [restartedMain]  INFO o.s.d.r.c.RepositoryConfigurationDelegate [ |  | ] - Bootstrapping Spring Data JPA repositories in DEFAULT mode.
25-10-25 16:15:54.632 [restartedMain]  INFO o.s.d.r.c.RepositoryConfigurationDelegate [ |  | ] - Finished Spring Data repository scanning in 1 ms. Found 0 JPA repository interfaces.
25-10-25 16:15:54.637 [restartedMain]  INFO o.s.d.r.c.RepositoryConfigurationDelegate [ |  | ] - Multiple Spring Data modules found, entering strict repository configuration mode
25-10-25 16:15:54.637 [restartedMain]  INFO o.s.d.r.c.RepositoryConfigurationDelegate [ |  | ] - Bootstrapping Spring Data MongoDB repositories in DEFAULT mode.
25-10-25 16:15:54.641 [restartedMain]  INFO o.s.d.r.c.RepositoryConfigurationDelegate [ |  | ] - Finished Spring Data repository scanning in 1 ms. Found 0 MongoDB repository interfaces.
25-10-25 16:15:54.646 [restartedMain]  INFO o.s.d.r.c.RepositoryConfigurationDelegate [ |  | ] - Multiple Spring Data modules found, entering strict repository configuration mode
25-10-25 16:15:54.646 [restartedMain]  INFO o.s.d.r.c.RepositoryConfigurationDelegate [ |  | ] - Bootstrapping Spring Data Redis repositories in DEFAULT mode.
25-10-25 16:15:54.650 [restartedMain]  INFO o.s.d.r.c.RepositoryConfigurationDelegate [ |  | ] - Finished Spring Data repository scanning in 1 ms. Found 0 Redis repository interfaces.
25-10-25 16:15:55.679 [restartedMain]  INFO o.s.b.w.e.tomcat.TomcatWebServer     [ |  | ] - Tomcat initialized with port 8080 (http)
25-10-25 16:15:55.680 [restartedMain]  INFO o.a.coyote.http11.Http11NioProtocol  [ |  | ] - Initializing ProtocolHandler ["http-nio-8080"]
25-10-25 16:15:55.681 [restartedMain]  INFO o.a.catalina.core.StandardService    [ |  | ] - Starting service [Tomcat]
25-10-25 16:15:55.681 [restartedMain]  INFO o.a.catalina.core.StandardEngine     [ |  | ] - Starting Servlet engine: [Apache Tomcat/10.1.46]
25-10-25 16:15:55.947 [restartedMain]  INFO o.a.c.c.C.[Tomcat-8].[localhost].[/] [ |  | ] - Initializing Spring embedded WebApplicationContext
25-10-25 16:15:55.947 [restartedMain]  INFO o.s.b.w.s.c.ServletWebServerApplicationContext [ |  | ] - Root WebApplicationContext: initialization completed in 3431 ms
25-10-25 16:15:56.178 [restartedMain] DEBUG o.s.w.f.ServerHttpObservationFilter  [ |  | ] - Filter 'webMvcObservationFilter' configured for use
25-10-25 16:15:56.242 [restartedMain]  INFO com.zaxxer.hikari.HikariDataSource   [ |  | ] - HikariPool-30 - Starting...
25-10-25 16:15:56.803 [restartedMain]  INFO com.zaxxer.hikari.pool.HikariPool    [ |  | ] - HikariPool-30 - Added connection org.postgresql.jdbc.PgConnection@bfcfdcb
25-10-25 16:15:56.803 [restartedMain]  INFO com.zaxxer.hikari.HikariDataSource   [ |  | ] - HikariPool-30 - Start completed.
25-10-25 16:15:56.831 [restartedMain]  INFO o.h.jpa.internal.util.LogHelper      [ |  | ] - HHH000204: Processing PersistenceUnitInfo [name: default]
25-10-25 16:15:56.848 [restartedMain]  INFO o.h.c.i.RegionFactoryInitiator       [ |  | ] - HHH000026: Second-level cache disabled
25-10-25 16:15:56.876 [restartedMain]  INFO o.s.o.j.p.SpringPersistenceUnitInfo  [ |  | ] - No LoadTimeWeaver setup: ignoring JPA class transformer
25-10-25 16:15:56.909 [restartedMain]  WARN org.hibernate.orm.deprecation        [ |  | ] - HHH90000025: PostgreSQLDialect does not need to be specified explicitly using 'hibernate.dialect' (remove the property setting and it will be selected by default)
25-10-25 16:15:56.916 [restartedMain]  INFO o.hibernate.orm.connections.pooling  [ |  | ] - HHH10001005: Database info:
	Database JDBC URL [Connecting through datasource 'HikariDataSource (HikariPool-30)']
	Database driver: undefined/unknown
	Database version: 17.6
	Autocommit mode: undefined/unknown
	Isolation level: undefined/unknown
	Minimum pool size: undefined/unknown
	Maximum pool size: undefined/unknown
25-10-25 16:15:56.916 [restartedMain] DEBUG o.h.t.d.sql.spi.DdlTypeRegistry      [ |  | ] - addDescriptor(2003, org.hibernate.type.descriptor.sql.internal.ArrayDdlTypeImpl@4008ff3f) replaced previous registration(org.hibernate.type.descriptor.sql.internal.ArrayDdlTypeImpl@b73ca7e)
25-10-25 16:15:56.916 [restartedMain] DEBUG o.h.t.d.sql.spi.DdlTypeRegistry      [ |  | ] - addDescriptor(6, org.hibernate.type.descriptor.sql.internal.CapacityDependentDdlType@202dda37) replaced previous registration(org.hibernate.type.descriptor.sql.internal.DdlTypeImpl@5a7b8d3d)
25-10-25 16:15:57.075 [restartedMain]  INFO o.h.e.t.j.p.i.JtaPlatformInitiator   [ |  | ] - HHH000489: No JTA platform available (set 'hibernate.transaction.jta.platform' to enable JTA platform integration)
25-10-25 16:15:57.075 [restartedMain]  INFO o.s.o.j.LocalContainerEntityManagerFactoryBean [ |  | ] - Initialized JPA EntityManagerFactory for persistence unit 'default'
25-10-25 16:15:57.377 [restartedMain]  WARN o.s.b.a.o.j.JpaBaseConfiguration$JpaWebConfiguration [ |  | ] - spring.jpa.open-in-view is enabled by default. Therefore, database queries may be performed during view rendering. Explicitly configure spring.jpa.open-in-view to disable this warning
25-10-25 16:15:57.450 [restartedMain]  INFO o.s.b.a.w.s.WelcomePageHandlerMapping [ |  | ] - Adding welcome page: class path resource [static/index.html]
25-10-25 16:15:57.550 [restartedMain] DEBUG o.s.w.s.m.m.a.RequestMappingHandlerMapping [ |  | ] - 6 mappings in 'requestMappingHandlerMapping'
25-10-25 16:15:57.986 [restartedMain] DEBUG o.s.w.s.h.SimpleUrlHandlerMapping    [ |  | ] - Patterns [/webjars/**, /**, /swagger-ui*/*swagger-initializer.js, /swagger-ui*/**] in 'resourceHandlerMapping'
25-10-25 16:15:58.030 [restartedMain] DEBUG o.s.w.s.m.m.a.RequestMappingHandlerAdapter [ |  | ] - ControllerAdvice beans: 0 @ModelAttribute, 0 @InitBinder, 1 RequestBodyAdvice, 1 ResponseBodyAdvice
25-10-25 16:15:58.119 [restartedMain] DEBUG o.s.w.s.m.m.a.ExceptionHandlerExceptionResolver [ |  | ] - ControllerAdvice beans: 1 @ExceptionHandler, 1 ResponseBodyAdvice
25-10-25 16:15:58.786 [restartedMain]  INFO org.mongodb.driver.client            [ |  | ] - MongoClient with metadata {"driver": {"name": "mongo-java-driver|sync|spring-boot", "version": "5.5.1"}, "os": {"type": "Windows", "name": "Windows 11", "architecture": "amd64", "version": "10.0"}, "platform": "Java/Oracle Corporation/17.0.15+9-LTS-241"} created with settings MongoClientSettings{readPreference=primary, writeConcern=WriteConcern{w=null, wTimeout=null ms, journal=null}, retryWrites=true, retryReads=true, readConcern=ReadConcern{level=null}, credential=null, transportSettings=null, commandListeners=[io.micrometer.core.instrument.binder.mongodb.MongoMetricsCommandListener@5f06e869], codecRegistry=ProvidersCodecRegistry{codecProviders=[ValueCodecProvider{}, BsonValueCodecProvider{}, DBRefCodecProvider{}, DBObjectCodecProvider{}, DocumentCodecProvider{}, CollectionCodecProvider{}, IterableCodecProvider{}, MapCodecProvider{}, GeoJsonCodecProvider{}, GridFSFileCodecProvider{}, Jsr310CodecProvider{}, JsonObjectCodecProvider{}, BsonCodecProvider{}, EnumCodecProvider{}, com.mongodb.client.model.mql.ExpressionCodecProvider@6edba9db, com.mongodb.Jep395RecordCodecProvider@342ce045, com.mongodb.KotlinCodecProvider@3d1ec787]}, loggerSettings=LoggerSettings{maxDocumentLength=1000}, clusterSettings={hosts=[localhost:27017], srvServiceName=mongodb, mode=SINGLE, requiredClusterType=UNKNOWN, requiredReplicaSetName='null', serverSelector='null', clusterListeners='[]', serverSelectionTimeout='30000 ms', localThreshold='15 ms'}, socketSettings=SocketSettings{connectTimeoutMS=10000, readTimeoutMS=0, receiveBufferSize=0, proxySettings=ProxySettings{host=null, port=null, username=null, password=null}}, heartbeatSocketSettings=SocketSettings{connectTimeoutMS=10000, readTimeoutMS=10000, receiveBufferSize=0, proxySettings=ProxySettings{host=null, port=null, username=null, password=null}}, connectionPoolSettings=ConnectionPoolSettings{maxSize=100, minSize=0, maxWaitTimeMS=120000, maxConnectionLifeTimeMS=0, maxConnectionIdleTimeMS=0, maintenanceInitialDelayMS=0, maintenanceFrequencyMS=60000, connectionPoolListeners=[io.micrometer.core.instrument.binder.mongodb.MongoMetricsConnectionPoolListener@2501ce65], maxConnecting=2}, serverSettings=ServerSettings{heartbeatFrequencyMS=10000, minHeartbeatFrequencyMS=500, serverMonitoringMode=AUTO, serverListeners='[]', serverMonitorListeners='[]'}, sslSettings=SslSettings{enabled=false, invalidHostNameAllowed=false, context=null}, applicationName='null', compressorList=[], uuidRepresentation=JAVA_LEGACY, serverApi=null, autoEncryptionSettings=null, dnsClient=null, inetAddressResolver=null, contextProvider=null, timeoutMS=null}
25-10-25 16:15:58.808 [cluster-ClusterId{value='68fc792e6d6c3fe60e36e49f', description='null'}-localhost:27017]  INFO org.mongodb.driver.cluster           [ |  | ] - Monitor thread successfully connected to server with description ServerDescription{address=localhost:27017, type=STANDALONE, cryptd=false, state=CONNECTED, ok=true, minWireVersion=0, maxWireVersion=27, maxDocumentSize=16777216, logicalSessionTimeoutMinutes=30, roundTripTimeNanos=14515800, minRoundTripTimeNanos=0}
25-10-25 16:15:59.170 [restartedMain]  WARN o.s.b.a.s.s.UserDetailsServiceAutoConfiguration [ |  | ] - 

Using generated security password: 1afc0126-254e-4fa8-8219-48001242db46

This generated password is for development use only. Your security configuration must be updated before running your application in production.

25-10-25 16:15:59.171 [restartedMain]  INFO o.s.s.c.a.a.c.InitializeUserDetailsBeanManagerConfigurer$InitializeUserDetailsManagerConfigurer [ |  | ] - Global AuthenticationManager configured with UserDetailsService bean with name inMemoryUserDetailsManager
25-10-25 16:15:59.551 [restartedMain]  INFO o.s.b.a.e.web.EndpointLinksResolver  [ |  | ] - Exposing 3 endpoints beneath base path '/actuator'
25-10-25 16:15:59.885 [restartedMain]  INFO o.s.b.a.h.H2ConsoleAutoConfiguration [ |  | ] - H2 console available at '/h2-console'. Database available at 'jdbc:postgresql://localhost:5432/monew'
25-10-25 16:15:59.960 [restartedMain]  INFO o.s.b.d.a.OptionalLiveReloadServer   [ |  | ] - LiveReload server is running on port 35729
25-10-25 16:16:00.033 [restartedMain]  INFO o.a.coyote.http11.Http11NioProtocol  [ |  | ] - Starting ProtocolHandler ["http-nio-8080"]
25-10-25 16:16:00.039 [restartedMain]  INFO o.s.b.w.e.tomcat.TomcatWebServer     [ |  | ] - Tomcat started on port 8080 (http) with context path '/'
25-10-25 16:16:00.071 [restartedMain]  INFO com.spring.monew.MonewApplication    [ |  | ] - Started MonewApplication in 7.633 seconds (process running for 85270.492)
25-10-25 16:16:00.077 [restartedMain]  INFO o.s.b.d.a.ConditionEvaluationDeltaLoggingListener [ |  | ] - Condition evaluation unchanged
25-10-25 16:16:12.247 [File Watcher]  INFO o.s.b.d.a.LocalDevToolsAutoConfiguration$RestartingClassPathChangeChangedEventListener [ |  | ] - Restarting due to 66 class path changes (0 additions, 66 deletions, 0 modifications)
25-10-25 16:16:12.249 [Thread-111]  INFO o.s.b.w.e.tomcat.GracefulShutdown    [ |  | ] - Commencing graceful shutdown. Waiting for active requests to complete
25-10-25 16:16:12.251 [tomcat-shutdown]  INFO o.a.coyote.http11.Http11NioProtocol  [ |  | ] - Pausing ProtocolHandler ["http-nio-8080"]
25-10-25 16:16:12.613 [tomcat-shutdown]  INFO o.s.b.w.e.tomcat.GracefulShutdown    [ |  | ] - Graceful shutdown complete
25-10-25 16:16:12.614 [Thread-111]  INFO o.a.coyote.http11.Http11NioProtocol  [ |  | ] - Stopping ProtocolHandler ["http-nio-8080"]
25-10-25 16:16:12.621 [Thread-111]  INFO o.s.o.j.LocalContainerEntityManagerFactoryBean [ |  | ] - Closing JPA EntityManagerFactory for persistence unit 'default'
25-10-25 16:16:12.623 [Thread-111]  INFO com.zaxxer.hikari.HikariDataSource   [ |  | ] - HikariPool-30 - Shutdown initiated...
25-10-25 16:16:12.628 [Thread-111]  INFO com.zaxxer.hikari.HikariDataSource   [ |  | ] - HikariPool-30 - Shutdown completed.
25-10-25 16:16:12.883 [restartedMain]  INFO com.spring.monew.MonewApplication    [ |  | ] - Starting MonewApplication using Java 17.0.15 with PID 1184 (C:\dev_source\sb05-monew-team7\monew\build\classes\java\main started by SW in C:\dev_source\sb05-monew-team7)
25-10-25 16:16:12.883 [restartedMain]  INFO com.spring.monew.MonewApplication    [ |  | ] - No active profile set, falling back to 1 default profile: "default"
25-10-25 16:16:13.896 [restartedMain]  INFO o.s.d.r.c.RepositoryConfigurationDelegate [ |  | ] - Multiple Spring Data modules found, entering strict repository configuration mode
25-10-25 16:16:13.896 [restartedMain]  INFO o.s.d.r.c.RepositoryConfigurationDelegate [ |  | ] - Bootstrapping Spring Data JPA repositories in DEFAULT mode.
25-10-25 16:16:13.899 [restartedMain]  INFO o.s.d.r.c.RepositoryConfigurationDelegate [ |  | ] - Finished Spring Data repository scanning in 0 ms. Found 0 JPA repository interfaces.
25-10-25 16:16:13.905 [restartedMain]  INFO o.s.d.r.c.RepositoryConfigurationDelegate [ |  | ] - Multiple Spring Data modules found, entering strict repository configuration mode
25-10-25 16:16:13.905 [restartedMain]  INFO o.s.d.r.c.RepositoryConfigurationDelegate [ |  | ] - Bootstrapping Spring Data MongoDB repositories in DEFAULT mode.
25-10-25 16:16:13.908 [restartedMain]  INFO o.s.d.r.c.RepositoryConfigurationDelegate [ |  | ] - Finished Spring Data repository scanning in 0 ms. Found 0 MongoDB repository interfaces.
25-10-25 16:16:13.912 [restartedMain]  INFO o.s.d.r.c.RepositoryConfigurationDelegate [ |  | ] - Multiple Spring Data modules found, entering strict repository configuration mode
25-10-25 16:16:13.913 [restartedMain]  INFO o.s.d.r.c.RepositoryConfigurationDelegate [ |  | ] - Bootstrapping Spring Data Redis repositories in DEFAULT mode.
25-10-25 16:16:13.915 [restartedMain]  INFO o.s.d.r.c.RepositoryConfigurationDelegate [ |  | ] - Finished Spring Data repository scanning in 0 ms. Found 0 Redis repository interfaces.
25-10-25 16:16:14.283 [restartedMain]  INFO o.s.b.w.e.tomcat.TomcatWebServer     [ |  | ] - Tomcat initialized with port 8080 (http)
25-10-25 16:16:14.285 [restartedMain]  INFO o.a.coyote.http11.Http11NioProtocol  [ |  | ] - Initializing ProtocolHandler ["http-nio-8080"]
25-10-25 16:16:14.286 [restartedMain]  INFO o.a.catalina.core.StandardService    [ |  | ] - Starting service [Tomcat]
25-10-25 16:16:14.286 [restartedMain]  INFO o.a.catalina.core.StandardEngine     [ |  | ] - Starting Servlet engine: [Apache Tomcat/10.1.46]
25-10-25 16:16:14.394 [restartedMain]  INFO o.a.c.c.C.[Tomcat-8].[localhost].[/] [ |  | ] - Initializing Spring embedded WebApplicationContext
25-10-25 16:16:14.394 [restartedMain]  INFO o.s.b.w.s.c.ServletWebServerApplicationContext [ |  | ] - Root WebApplicationContext: initialization completed in 1503 ms
25-10-25 16:16:14.506 [restartedMain] DEBUG o.s.w.f.ServerHttpObservationFilter  [ |  | ] - Filter 'webMvcObservationFilter' configured for use
25-10-25 16:16:14.558 [restartedMain]  INFO com.zaxxer.hikari.HikariDataSource   [ |  | ] - HikariPool-31 - Starting...
25-10-25 16:16:15.012 [restartedMain]  INFO com.zaxxer.hikari.pool.HikariPool    [ |  | ] - HikariPool-31 - Added connection org.postgresql.jdbc.PgConnection@411b5483
25-10-25 16:16:15.012 [restartedMain]  INFO com.zaxxer.hikari.HikariDataSource   [ |  | ] - HikariPool-31 - Start completed.
25-10-25 16:16:15.039 [restartedMain]  INFO o.h.jpa.internal.util.LogHelper      [ |  | ] - HHH000204: Processing PersistenceUnitInfo [name: default]
25-10-25 16:16:15.049 [restartedMain]  INFO o.h.c.i.RegionFactoryInitiator       [ |  | ] - HHH000026: Second-level cache disabled
25-10-25 16:16:15.073 [restartedMain]  INFO o.s.o.j.p.SpringPersistenceUnitInfo  [ |  | ] - No LoadTimeWeaver setup: ignoring JPA class transformer
25-10-25 16:16:15.101 [restartedMain]  WARN org.hibernate.orm.deprecation        [ |  | ] - HHH90000025: PostgreSQLDialect does not need to be specified explicitly using 'hibernate.dialect' (remove the property setting and it will be selected by default)
25-10-25 16:16:15.103 [restartedMain]  INFO o.hibernate.orm.connections.pooling  [ |  | ] - HHH10001005: Database info:
	Database JDBC URL [Connecting through datasource 'HikariDataSource (HikariPool-31)']
	Database driver: undefined/unknown
	Database version: 17.6
	Autocommit mode: undefined/unknown
	Isolation level: undefined/unknown
	Minimum pool size: undefined/unknown
	Maximum pool size: undefined/unknown
25-10-25 16:16:15.103 [restartedMain] DEBUG o.h.t.d.sql.spi.DdlTypeRegistry      [ |  | ] - addDescriptor(2003, org.hibernate.type.descriptor.sql.internal.ArrayDdlTypeImpl@4efd569a) replaced previous registration(org.hibernate.type.descriptor.sql.internal.ArrayDdlTypeImpl@e2dd4fa)
25-10-25 16:16:15.104 [restartedMain] DEBUG o.h.t.d.sql.spi.DdlTypeRegistry      [ |  | ] - addDescriptor(6, org.hibernate.type.descriptor.sql.internal.CapacityDependentDdlType@2f0dc4d) replaced previous registration(org.hibernate.type.descriptor.sql.internal.DdlTypeImpl@500ab611)
25-10-25 16:16:15.148 [restartedMain]  INFO o.h.e.t.j.p.i.JtaPlatformInitiator   [ |  | ] - HHH000489: No JTA platform available (set 'hibernate.transaction.jta.platform' to enable JTA platform integration)
25-10-25 16:16:15.148 [restartedMain]  INFO o.s.o.j.LocalContainerEntityManagerFactoryBean [ |  | ] - Initialized JPA EntityManagerFactory for persistence unit 'default'
25-10-25 16:16:15.252 [restartedMain]  WARN o.s.b.a.o.j.JpaBaseConfiguration$JpaWebConfiguration [ |  | ] - spring.jpa.open-in-view is enabled by default. Therefore, database queries may be performed during view rendering. Explicitly configure spring.jpa.open-in-view to disable this warning
25-10-25 16:16:15.273 [restartedMain]  INFO o.s.b.a.w.s.WelcomePageHandlerMapping [ |  | ] - Adding welcome page: class path resource [static/index.html]
25-10-25 16:16:15.297 [restartedMain] DEBUG o.s.w.s.m.m.a.RequestMappingHandlerMapping [ |  | ] - 6 mappings in 'requestMappingHandlerMapping'
25-10-25 16:16:15.370 [restartedMain] DEBUG o.s.w.s.h.SimpleUrlHandlerMapping    [ |  | ] - Patterns [/webjars/**, /**, /swagger-ui*/*swagger-initializer.js, /swagger-ui*/**] in 'resourceHandlerMapping'
25-10-25 16:16:15.382 [restartedMain] DEBUG o.s.w.s.m.m.a.RequestMappingHandlerAdapter [ |  | ] - ControllerAdvice beans: 0 @ModelAttribute, 0 @InitBinder, 1 RequestBodyAdvice, 1 ResponseBodyAdvice
25-10-25 16:16:15.396 [restartedMain] DEBUG o.s.w.s.m.m.a.ExceptionHandlerExceptionResolver [ |  | ] - ControllerAdvice beans: 1 @ExceptionHandler, 1 ResponseBodyAdvice
25-10-25 16:16:15.482 [restartedMain]  INFO org.mongodb.driver.client            [ |  | ] - MongoClient with metadata {"driver": {"name": "mongo-java-driver|sync|spring-boot", "version": "5.5.1"}, "os": {"type": "Windows", "name": "Windows 11", "architecture": "amd64", "version": "10.0"}, "platform": "Java/Oracle Corporation/17.0.15+9-LTS-241"} created with settings MongoClientSettings{readPreference=primary, writeConcern=WriteConcern{w=null, wTimeout=null ms, journal=null}, retryWrites=true, retryReads=true, readConcern=ReadConcern{level=null}, credential=null, transportSettings=null, commandListeners=[io.micrometer.core.instrument.binder.mongodb.MongoMetricsCommandListener@4776cc1d], codecRegistry=ProvidersCodecRegistry{codecProviders=[ValueCodecProvider{}, BsonValueCodecProvider{}, DBRefCodecProvider{}, DBObjectCodecProvider{}, DocumentCodecProvider{}, CollectionCodecProvider{}, IterableCodecProvider{}, MapCodecProvider{}, GeoJsonCodecProvider{}, GridFSFileCodecProvider{}, Jsr310CodecProvider{}, JsonObjectCodecProvider{}, BsonCodecProvider{}, EnumCodecProvider{}, com.mongodb.client.model.mql.ExpressionCodecProvider@6edba9db, com.mongodb.Jep395RecordCodecProvider@342ce045, com.mongodb.KotlinCodecProvider@3d1ec787]}, loggerSettings=LoggerSettings{maxDocumentLength=1000}, clusterSettings={hosts=[localhost:27017], srvServiceName=mongodb, mode=SINGLE, requiredClusterType=UNKNOWN, requiredReplicaSetName='null', serverSelector='null', clusterListeners='[]', serverSelectionTimeout='30000 ms', localThreshold='15 ms'}, socketSettings=SocketSettings{connectTimeoutMS=10000, readTimeoutMS=0, receiveBufferSize=0, proxySettings=ProxySettings{host=null, port=null, username=null, password=null}}, heartbeatSocketSettings=SocketSettings{connectTimeoutMS=10000, readTimeoutMS=10000, receiveBufferSize=0, proxySettings=ProxySettings{host=null, port=null, username=null, password=null}}, connectionPoolSettings=ConnectionPoolSettings{maxSize=100, minSize=0, maxWaitTimeMS=120000, maxConnectionLifeTimeMS=0, maxConnectionIdleTimeMS=0, maintenanceInitialDelayMS=0, maintenanceFrequencyMS=60000, connectionPoolListeners=[io.micrometer.core.instrument.binder.mongodb.MongoMetricsConnectionPoolListener@384fa454], maxConnecting=2}, serverSettings=ServerSettings{heartbeatFrequencyMS=10000, minHeartbeatFrequencyMS=500, serverMonitoringMode=AUTO, serverListeners='[]', serverMonitorListeners='[]'}, sslSettings=SslSettings{enabled=false, invalidHostNameAllowed=false, context=null}, applicationName='null', compressorList=[], uuidRepresentation=JAVA_LEGACY, serverApi=null, autoEncryptionSettings=null, dnsClient=null, inetAddressResolver=null, contextProvider=null, timeoutMS=null}
25-10-25 16:16:15.486 [cluster-ClusterId{value='68fc793f6d6c3fe60e36e4a0', description='null'}-localhost:27017]  INFO org.mongodb.driver.cluster           [ |  | ] - Monitor thread successfully connected to server with description ServerDescription{address=localhost:27017, type=STANDALONE, cryptd=false, state=CONNECTED, ok=true, minWireVersion=0, maxWireVersion=27, maxDocumentSize=16777216, logicalSessionTimeoutMinutes=30, roundTripTimeNanos=2725100, minRoundTripTimeNanos=0}
25-10-25 16:16:15.765 [restartedMain]  WARN o.s.b.a.s.s.UserDetailsServiceAutoConfiguration [ |  | ] - 

Using generated security password: 0db8d873-cac6-4c0a-b1f1-c728c777d40f

This generated password is for development use only. Your security configuration must be updated before running your application in production.

25-10-25 16:16:15.771 [restartedMain]  INFO o.s.s.c.a.a.c.InitializeUserDetailsBeanManagerConfigurer$InitializeUserDetailsManagerConfigurer [ |  | ] - Global AuthenticationManager configured with UserDetailsService bean with name inMemoryUserDetailsManager
25-10-25 16:16:15.824 [restartedMain]  INFO o.s.b.a.e.web.EndpointLinksResolver  [ |  | ] - Exposing 3 endpoints beneath base path '/actuator'
25-10-25 16:16:15.933 [restartedMain]  INFO o.s.b.a.h.H2ConsoleAutoConfiguration [ |  | ] - H2 console available at '/h2-console'. Database available at 'jdbc:postgresql://localhost:5432/monew'
25-10-25 16:16:15.992 [restartedMain]  INFO o.s.b.d.a.OptionalLiveReloadServer   [ |  | ] - LiveReload server is running on port 35729
25-10-25 16:16:16.037 [restartedMain]  INFO o.a.coyote.http11.Http11NioProtocol  [ |  | ] - Starting ProtocolHandler ["http-nio-8080"]
25-10-25 16:16:16.044 [restartedMain]  INFO o.s.b.w.e.tomcat.TomcatWebServer     [ |  | ] - Tomcat started on port 8080 (http) with context path '/'
25-10-25 16:16:16.072 [restartedMain]  INFO com.spring.monew.MonewApplication    [ |  | ] - Started MonewApplication in 3.296 seconds (process running for 85286.492)
25-10-25 16:16:16.079 [restartedMain]  INFO o.s.b.d.a.ConditionEvaluationDeltaLoggingListener [ |  | ] - Condition evaluation unchanged
25-10-25 16:16:18.439 [File Watcher]  INFO o.s.b.d.a.LocalDevToolsAutoConfiguration$RestartingClassPathChangeChangedEventListener [ |  | ] - Restarting due to 66 class path changes (66 additions, 0 deletions, 0 modifications)
25-10-25 16:16:18.457 [Thread-115]  INFO o.s.b.w.e.tomcat.GracefulShutdown    [ |  | ] - Commencing graceful shutdown. Waiting for active requests to complete
25-10-25 16:16:18.459 [tomcat-shutdown]  INFO o.a.coyote.http11.Http11NioProtocol  [ |  | ] - Pausing ProtocolHandler ["http-nio-8080"]
25-10-25 16:16:19.040 [tomcat-shutdown]  INFO o.s.b.w.e.tomcat.GracefulShutdown    [ |  | ] - Graceful shutdown complete
25-10-25 16:16:19.041 [Thread-115]  INFO o.a.coyote.http11.Http11NioProtocol  [ |  | ] - Stopping ProtocolHandler ["http-nio-8080"]
25-10-25 16:16:19.057 [Thread-115]  INFO o.s.o.j.LocalContainerEntityManagerFactoryBean [ |  | ] - Closing JPA EntityManagerFactory for persistence unit 'default'
25-10-25 16:16:19.059 [Thread-115]  INFO com.zaxxer.hikari.HikariDataSource   [ |  | ] - HikariPool-31 - Shutdown initiated...
25-10-25 16:16:19.073 [Thread-115]  INFO com.zaxxer.hikari.HikariDataSource   [ |  | ] - HikariPool-31 - Shutdown completed.
25-10-25 16:16:19.485 [restartedMain]  INFO com.spring.monew.MonewApplication    [ |  | ] - Starting MonewApplication using Java 17.0.15 with PID 1184 (C:\dev_source\sb05-monew-team7\monew\build\classes\java\main started by SW in C:\dev_source\sb05-monew-team7)
25-10-25 16:16:19.485 [restartedMain]  INFO com.spring.monew.MonewApplication    [ |  | ] - No active profile set, falling back to 1 default profile: "default"
25-10-25 16:16:20.170 [restartedMain]  INFO o.s.d.r.c.RepositoryConfigurationDelegate [ |  | ] - Multiple Spring Data modules found, entering strict repository configuration mode
25-10-25 16:16:20.170 [restartedMain]  INFO o.s.d.r.c.RepositoryConfigurationDelegate [ |  | ] - Bootstrapping Spring Data JPA repositories in DEFAULT mode.
25-10-25 16:16:20.195 [restartedMain]  INFO o.s.d.r.c.RepositoryConfigurationDelegate [ |  | ] - Finished Spring Data repository scanning in 23 ms. Found 0 JPA repository interfaces.
25-10-25 16:16:20.198 [restartedMain]  INFO o.s.d.r.c.RepositoryConfigurationDelegate [ |  | ] - Multiple Spring Data modules found, entering strict repository configuration mode
25-10-25 16:16:20.198 [restartedMain]  INFO o.s.d.r.c.RepositoryConfigurationDelegate [ |  | ] - Bootstrapping Spring Data MongoDB repositories in DEFAULT mode.
25-10-25 16:16:20.250 [restartedMain]  INFO o.s.d.r.c.RepositoryConfigurationDelegate [ |  | ] - Finished Spring Data repository scanning in 50 ms. Found 0 MongoDB repository interfaces.
25-10-25 16:16:20.253 [restartedMain]  INFO o.s.d.r.c.RepositoryConfigurationDelegate [ |  | ] - Multiple Spring Data modules found, entering strict repository configuration mode
25-10-25 16:16:20.253 [restartedMain]  INFO o.s.d.r.c.RepositoryConfigurationDelegate [ |  | ] - Bootstrapping Spring Data Redis repositories in DEFAULT mode.
25-10-25 16:16:20.282 [restartedMain]  INFO o.s.d.r.c.RepositoryConfigurationDelegate [ |  | ] - Finished Spring Data repository scanning in 26 ms. Found 0 Redis repository interfaces.
25-10-25 16:16:20.458 [restartedMain]  INFO o.s.b.w.e.tomcat.TomcatWebServer     [ |  | ] - Tomcat initialized with port 8080 (http)
25-10-25 16:16:20.459 [restartedMain]  INFO o.a.coyote.http11.Http11NioProtocol  [ |  | ] - Initializing ProtocolHandler ["http-nio-8080"]
25-10-25 16:16:20.459 [restartedMain]  INFO o.a.catalina.core.StandardService    [ |  | ] - Starting service [Tomcat]
25-10-25 16:16:20.459 [restartedMain]  INFO o.a.catalina.core.StandardEngine     [ |  | ] - Starting Servlet engine: [Apache Tomcat/10.1.46]
25-10-25 16:16:20.516 [restartedMain]  INFO o.a.c.c.C.[Tomcat-8].[localhost].[/] [ |  | ] - Initializing Spring embedded WebApplicationContext
25-10-25 16:16:20.516 [restartedMain]  INFO o.s.b.w.s.c.ServletWebServerApplicationContext [ |  | ] - Root WebApplicationContext: initialization completed in 1029 ms
25-10-25 16:16:20.581 [restartedMain] DEBUG o.s.w.f.ServerHttpObservationFilter  [ |  | ] - Filter 'webMvcObservationFilter' configured for use
25-10-25 16:16:20.605 [restartedMain]  INFO com.zaxxer.hikari.HikariDataSource   [ |  | ] - HikariPool-32 - Starting...
25-10-25 16:16:20.689 [restartedMain]  INFO com.zaxxer.hikari.pool.HikariPool    [ |  | ] - HikariPool-32 - Added connection org.postgresql.jdbc.PgConnection@6ef2ad7e
25-10-25 16:16:20.690 [restartedMain]  INFO com.zaxxer.hikari.HikariDataSource   [ |  | ] - HikariPool-32 - Start completed.
25-10-25 16:16:20.748 [restartedMain]  INFO o.h.jpa.internal.util.LogHelper      [ |  | ] - HHH000204: Processing PersistenceUnitInfo [name: default]
25-10-25 16:16:20.754 [restartedMain]  INFO o.h.c.i.RegionFactoryInitiator       [ |  | ] - HHH000026: Second-level cache disabled
25-10-25 16:16:20.768 [restartedMain]  INFO o.s.o.j.p.SpringPersistenceUnitInfo  [ |  | ] - No LoadTimeWeaver setup: ignoring JPA class transformer
25-10-25 16:16:20.782 [restartedMain]  WARN org.hibernate.orm.deprecation        [ |  | ] - HHH90000025: PostgreSQLDialect does not need to be specified explicitly using 'hibernate.dialect' (remove the property setting and it will be selected by default)
25-10-25 16:16:20.783 [restartedMain]  INFO o.hibernate.orm.connections.pooling  [ |  | ] - HHH10001005: Database info:
	Database JDBC URL [Connecting through datasource 'HikariDataSource (HikariPool-32)']
	Database driver: undefined/unknown
	Database version: 17.6
	Autocommit mode: undefined/unknown
	Isolation level: undefined/unknown
	Minimum pool size: undefined/unknown
	Maximum pool size: undefined/unknown
25-10-25 16:16:20.783 [restartedMain] DEBUG o.h.t.d.sql.spi.DdlTypeRegistry      [ |  | ] - addDescriptor(2003, org.hibernate.type.descriptor.sql.internal.ArrayDdlTypeImpl@2987c908) replaced previous registration(org.hibernate.type.descriptor.sql.internal.ArrayDdlTypeImpl@7b0f93a9)
25-10-25 16:16:20.783 [restartedMain] DEBUG o.h.t.d.sql.spi.DdlTypeRegistry      [ |  | ] - addDescriptor(6, org.hibernate.type.descriptor.sql.internal.CapacityDependentDdlType@12400cff) replaced previous registration(org.hibernate.type.descriptor.sql.internal.DdlTypeImpl@39690e8b)
25-10-25 16:16:20.824 [restartedMain]  INFO o.h.e.t.j.p.i.JtaPlatformInitiator   [ |  | ] - HHH000489: No JTA platform available (set 'hibernate.transaction.jta.platform' to enable JTA platform integration)
25-10-25 16:16:20.824 [restartedMain]  INFO o.s.o.j.LocalContainerEntityManagerFactoryBean [ |  | ] - Initialized JPA EntityManagerFactory for persistence unit 'default'
25-10-25 16:16:20.843 [restartedMain]  WARN o.s.b.w.s.c.AnnotationConfigServletWebServerApplicationContext [ |  | ] - Exception encountered during context initialization - cancelling refresh attempt: org.springframework.beans.factory.BeanCreationException: Error creating bean with name 'userController': Resolution of declared constructors on bean Class [com.spring.monew.user.controller.UserController] from ClassLoader [org.springframework.boot.devtools.restart.classloader.RestartClassLoader@2c9da77a] failed
25-10-25 16:16:20.844 [restartedMain]  INFO o.s.o.j.LocalContainerEntityManagerFactoryBean [ |  | ] - Closing JPA EntityManagerFactory for persistence unit 'default'
25-10-25 16:16:20.844 [restartedMain]  INFO com.zaxxer.hikari.HikariDataSource   [ |  | ] - HikariPool-32 - Shutdown initiated...
25-10-25 16:16:20.937 [restartedMain]  INFO com.zaxxer.hikari.HikariDataSource   [ |  | ] - HikariPool-32 - Shutdown completed.
25-10-25 16:16:20.937 [restartedMain]  INFO o.a.catalina.core.StandardService    [ |  | ] - Stopping service [Tomcat]
25-10-25 16:16:20.955 [restartedMain]  INFO o.s.b.a.l.ConditionEvaluationReportLogger [ |  | ] - 

Error starting ApplicationContext. To display the condition evaluation report re-run your application with 'debug' enabled.
25-10-25 16:16:20.961 [restartedMain] ERROR o.s.boot.SpringApplication           [ |  | ] - Application run failed
org.springframework.beans.factory.BeanCreationException: Error creating bean with name 'userController': Resolution of declared constructors on bean Class [com.spring.monew.user.controller.UserController] from ClassLoader [org.springframework.boot.devtools.restart.classloader.RestartClassLoader@2c9da77a] failed
	at org.springframework.beans.factory.annotation.AutowiredAnnotationBeanPostProcessor.determineCandidateConstructors(AutowiredAnnotationBeanPostProcessor.java:384)
	at org.springframework.beans.factory.support.AbstractAutowireCapableBeanFactory.determineConstructorsFromBeanPostProcessors(AbstractAutowireCapableBeanFactory.java:1334)
	at org.springframework.beans.factory.support.AbstractAutowireCapableBeanFactory.createBeanInstance(AbstractAutowireCapableBeanFactory.java:1229)
	at org.springframework.beans.factory.support.AbstractAutowireCapableBeanFactory.doCreateBean(AbstractAutowireCapableBeanFactory.java:569)
	at org.springframework.beans.factory.support.AbstractAutowireCapableBeanFactory.createBean(AbstractAutowireCapableBeanFactory.java:529)
	at org.springframework.beans.factory.support.AbstractBeanFactory.lambda$doGetBean$0(AbstractBeanFactory.java:339)
	at org.springframework.beans.factory.support.DefaultSingletonBeanRegistry.getSingleton(DefaultSingletonBeanRegistry.java:373)
	at org.springframework.beans.factory.support.AbstractBeanFactory.doGetBean(AbstractBeanFactory.java:337)
	at org.springframework.beans.factory.support.AbstractBeanFactory.getBean(AbstractBeanFactory.java:202)
	at org.springframework.beans.factory.support.DefaultListableBeanFactory.instantiateSingleton(DefaultListableBeanFactory.java:1221)
	at org.springframework.beans.factory.support.DefaultListableBeanFactory.preInstantiateSingleton(DefaultListableBeanFactory.java:1187)
	at org.springframework.beans.factory.support.DefaultListableBeanFactory.preInstantiateSingletons(DefaultListableBeanFactory.java:1123)
	at org.springframework.context.support.AbstractApplicationContext.finishBeanFactoryInitialization(AbstractApplicationContext.java:987)
	at org.springframework.context.support.AbstractApplicationContext.refresh(AbstractApplicationContext.java:627)
	at org.springframework.boot.web.servlet.context.ServletWebServerApplicationContext.refresh(ServletWebServerApplicationContext.java:146)
	at org.springframework.boot.SpringApplication.refresh(SpringApplication.java:752)
	at org.springframework.boot.SpringApplication.refreshContext(SpringApplication.java:439)
	at org.springframework.boot.SpringApplication.run(SpringApplication.java:318)
	at org.springframework.boot.SpringApplication.run(SpringApplication.java:1361)
	at org.springframework.boot.SpringApplication.run(SpringApplication.java:1350)
	at com.spring.monew.MonewApplication.main(MonewApplication.java:10)
	at java.base/jdk.internal.reflect.NativeMethodAccessorImpl.invoke0(Native Method)
	at java.base/jdk.internal.reflect.NativeMethodAccessorImpl.invoke(NativeMethodAccessorImpl.java:77)
	at java.base/jdk.internal.reflect.DelegatingMethodAccessorImpl.invoke(DelegatingMethodAccessorImpl.java:43)
	at java.base/java.lang.reflect.Method.invoke(Method.java:568)
	at org.springframework.boot.devtools.restart.RestartLauncher.run(RestartLauncher.java:50)
Caused by: java.lang.NoClassDefFoundError: com/spring/monew/user/service/UserService
	at java.base/java.lang.Class.getDeclaredConstructors0(Native Method)
	at java.base/java.lang.Class.privateGetDeclaredConstructors(Class.java:3373)
	at java.base/java.lang.Class.getDeclaredConstructors(Class.java:2555)
	at org.springframework.beans.factory.annotation.AutowiredAnnotationBeanPostProcessor.determineCandidateConstructors(AutowiredAnnotationBeanPostProcessor.java:379)
	... 25 common frames omitted
Caused by: java.lang.ClassNotFoundException: com.spring.monew.user.service.UserService
	at java.base/jdk.internal.loader.BuiltinClassLoader.loadClass(BuiltinClassLoader.java:641)
	at java.base/jdk.internal.loader.ClassLoaders$AppClassLoader.loadClass(ClassLoaders.java:188)
	at java.base/java.lang.ClassLoader.loadClass(ClassLoader.java:525)
	at java.base/java.lang.Class.forName0(Native Method)
	at java.base/java.lang.Class.forName(Class.java:467)
	at org.springframework.boot.devtools.restart.classloader.RestartClassLoader.loadClass(RestartClassLoader.java:121)
	at java.base/java.lang.ClassLoader.loadClass(ClassLoader.java:525)
	... 29 common frames omitted
25-10-25 16:16:35.948 [restartedMain]  INFO com.spring.monew.MonewApplication    [ |  | ] - Starting MonewApplication using Java 17.0.15 with PID 1184 (C:\dev_source\sb05-monew-team7\monew\build\classes\java\main started by SW in C:\dev_source\sb05-monew-team7)
25-10-25 16:16:35.949 [restartedMain]  INFO com.spring.monew.MonewApplication    [ |  | ] - No active profile set, falling back to 1 default profile: "default"
25-10-25 16:16:36.427 [restartedMain]  INFO o.s.d.r.c.RepositoryConfigurationDelegate [ |  | ] - Multiple Spring Data modules found, entering strict repository configuration mode
25-10-25 16:16:36.427 [restartedMain]  INFO o.s.d.r.c.RepositoryConfigurationDelegate [ |  | ] - Bootstrapping Spring Data JPA repositories in DEFAULT mode.
25-10-25 16:16:36.430 [restartedMain]  INFO o.s.d.r.c.RepositoryConfigurationDelegate [ |  | ] - Finished Spring Data repository scanning in 0 ms. Found 0 JPA repository interfaces.
25-10-25 16:16:36.433 [restartedMain]  INFO o.s.d.r.c.RepositoryConfigurationDelegate [ |  | ] - Multiple Spring Data modules found, entering strict repository configuration mode
25-10-25 16:16:36.433 [restartedMain]  INFO o.s.d.r.c.RepositoryConfigurationDelegate [ |  | ] - Bootstrapping Spring Data MongoDB repositories in DEFAULT mode.
25-10-25 16:16:36.435 [restartedMain]  INFO o.s.d.r.c.RepositoryConfigurationDelegate [ |  | ] - Finished Spring Data repository scanning in 0 ms. Found 0 MongoDB repository interfaces.
25-10-25 16:16:36.438 [restartedMain]  INFO o.s.d.r.c.RepositoryConfigurationDelegate [ |  | ] - Multiple Spring Data modules found, entering strict repository configuration mode
25-10-25 16:16:36.439 [restartedMain]  INFO o.s.d.r.c.RepositoryConfigurationDelegate [ |  | ] - Bootstrapping Spring Data Redis repositories in DEFAULT mode.
25-10-25 16:16:36.441 [restartedMain]  INFO o.s.d.r.c.RepositoryConfigurationDelegate [ |  | ] - Finished Spring Data repository scanning in 0 ms. Found 0 Redis repository interfaces.
25-10-25 16:16:36.592 [restartedMain]  INFO o.s.b.w.e.tomcat.TomcatWebServer     [ |  | ] - Tomcat initialized with port 8080 (http)
25-10-25 16:16:36.592 [restartedMain]  INFO o.a.coyote.http11.Http11NioProtocol  [ |  | ] - Initializing ProtocolHandler ["http-nio-8080"]
25-10-25 16:16:36.592 [restartedMain]  INFO o.a.catalina.core.StandardService    [ |  | ] - Starting service [Tomcat]
25-10-25 16:16:36.592 [restartedMain]  INFO o.a.catalina.core.StandardEngine     [ |  | ] - Starting Servlet engine: [Apache Tomcat/10.1.46]
25-10-25 16:16:36.640 [restartedMain]  INFO o.a.c.c.C.[Tomcat-9].[localhost].[/] [ |  | ] - Initializing Spring embedded WebApplicationContext
25-10-25 16:16:36.640 [restartedMain]  INFO o.s.b.w.s.c.ServletWebServerApplicationContext [ |  | ] - Root WebApplicationContext: initialization completed in 689 ms
25-10-25 16:16:36.777 [restartedMain] DEBUG o.s.w.f.ServerHttpObservationFilter  [ |  | ] - Filter 'webMvcObservationFilter' configured for use
25-10-25 16:16:36.833 [restartedMain]  INFO com.zaxxer.hikari.HikariDataSource   [ |  | ] - HikariPool-33 - Starting...
25-10-25 16:16:36.947 [restartedMain]  INFO com.zaxxer.hikari.pool.HikariPool    [ |  | ] - HikariPool-33 - Added connection org.postgresql.jdbc.PgConnection@192aa4ea
25-10-25 16:16:36.947 [restartedMain]  INFO com.zaxxer.hikari.HikariDataSource   [ |  | ] - HikariPool-33 - Start completed.
25-10-25 16:16:36.969 [restartedMain]  INFO o.h.jpa.internal.util.LogHelper      [ |  | ] - HHH000204: Processing PersistenceUnitInfo [name: default]
25-10-25 16:16:36.976 [restartedMain]  INFO o.h.c.i.RegionFactoryInitiator       [ |  | ] - HHH000026: Second-level cache disabled
25-10-25 16:16:36.987 [restartedMain]  INFO o.s.o.j.p.SpringPersistenceUnitInfo  [ |  | ] - No LoadTimeWeaver setup: ignoring JPA class transformer
25-10-25 16:16:37.003 [restartedMain]  WARN org.hibernate.orm.deprecation        [ |  | ] - HHH90000025: PostgreSQLDialect does not need to be specified explicitly using 'hibernate.dialect' (remove the property setting and it will be selected by default)
25-10-25 16:16:37.004 [restartedMain]  INFO o.hibernate.orm.connections.pooling  [ |  | ] - HHH10001005: Database info:
	Database JDBC URL [Connecting through datasource 'HikariDataSource (HikariPool-33)']
	Database driver: undefined/unknown
	Database version: 17.6
	Autocommit mode: undefined/unknown
	Isolation level: undefined/unknown
	Minimum pool size: undefined/unknown
	Maximum pool size: undefined/unknown
25-10-25 16:16:37.004 [restartedMain] DEBUG o.h.t.d.sql.spi.DdlTypeRegistry      [ |  | ] - addDescriptor(2003, org.hibernate.type.descriptor.sql.internal.ArrayDdlTypeImpl@8d71bd8) replaced previous registration(org.hibernate.type.descriptor.sql.internal.ArrayDdlTypeImpl@4c9e89bd)
25-10-25 16:16:37.005 [restartedMain] DEBUG o.h.t.d.sql.spi.DdlTypeRegistry      [ |  | ] - addDescriptor(6, org.hibernate.type.descriptor.sql.internal.CapacityDependentDdlType@68246007) replaced previous registration(org.hibernate.type.descriptor.sql.internal.DdlTypeImpl@6cb52b53)
25-10-25 16:16:37.046 [restartedMain]  INFO o.h.e.t.j.p.i.JtaPlatformInitiator   [ |  | ] - HHH000489: No JTA platform available (set 'hibernate.transaction.jta.platform' to enable JTA platform integration)
25-10-25 16:16:37.050 [restartedMain]  INFO o.s.o.j.LocalContainerEntityManagerFactoryBean [ |  | ] - Initialized JPA EntityManagerFactory for persistence unit 'default'
25-10-25 16:16:37.238 [restartedMain]  WARN o.s.b.a.o.j.JpaBaseConfiguration$JpaWebConfiguration [ |  | ] - spring.jpa.open-in-view is enabled by default. Therefore, database queries may be performed during view rendering. Explicitly configure spring.jpa.open-in-view to disable this warning
25-10-25 16:16:37.266 [restartedMain]  INFO o.s.b.a.w.s.WelcomePageHandlerMapping [ |  | ] - Adding welcome page: class path resource [static/index.html]
25-10-25 16:16:37.288 [restartedMain] DEBUG o.s.w.s.m.m.a.RequestMappingHandlerMapping [ |  | ] - 6 mappings in 'requestMappingHandlerMapping'
25-10-25 16:16:37.322 [restartedMain] DEBUG o.s.w.s.h.SimpleUrlHandlerMapping    [ |  | ] - Patterns [/webjars/**, /**, /swagger-ui*/*swagger-initializer.js, /swagger-ui*/**] in 'resourceHandlerMapping'
25-10-25 16:16:37.330 [restartedMain] DEBUG o.s.w.s.m.m.a.RequestMappingHandlerAdapter [ |  | ] - ControllerAdvice beans: 0 @ModelAttribute, 0 @InitBinder, 1 RequestBodyAdvice, 1 ResponseBodyAdvice
25-10-25 16:16:37.339 [restartedMain] DEBUG o.s.w.s.m.m.a.ExceptionHandlerExceptionResolver [ |  | ] - ControllerAdvice beans: 1 @ExceptionHandler, 1 ResponseBodyAdvice
25-10-25 16:16:37.444 [restartedMain]  INFO org.mongodb.driver.client            [ |  | ] - MongoClient with metadata {"driver": {"name": "mongo-java-driver|sync|spring-boot", "version": "5.5.1"}, "os": {"type": "Windows", "name": "Windows 11", "architecture": "amd64", "version": "10.0"}, "platform": "Java/Oracle Corporation/17.0.15+9-LTS-241"} created with settings MongoClientSettings{readPreference=primary, writeConcern=WriteConcern{w=null, wTimeout=null ms, journal=null}, retryWrites=true, retryReads=true, readConcern=ReadConcern{level=null}, credential=null, transportSettings=null, commandListeners=[io.micrometer.core.instrument.binder.mongodb.MongoMetricsCommandListener@402b67e5], codecRegistry=ProvidersCodecRegistry{codecProviders=[ValueCodecProvider{}, BsonValueCodecProvider{}, DBRefCodecProvider{}, DBObjectCodecProvider{}, DocumentCodecProvider{}, CollectionCodecProvider{}, IterableCodecProvider{}, MapCodecProvider{}, GeoJsonCodecProvider{}, GridFSFileCodecProvider{}, Jsr310CodecProvider{}, JsonObjectCodecProvider{}, BsonCodecProvider{}, EnumCodecProvider{}, com.mongodb.client.model.mql.ExpressionCodecProvider@6edba9db, com.mongodb.Jep395RecordCodecProvider@342ce045, com.mongodb.KotlinCodecProvider@3d1ec787]}, loggerSettings=LoggerSettings{maxDocumentLength=1000}, clusterSettings={hosts=[localhost:27017], srvServiceName=mongodb, mode=SINGLE, requiredClusterType=UNKNOWN, requiredReplicaSetName='null', serverSelector='null', clusterListeners='[]', serverSelectionTimeout='30000 ms', localThreshold='15 ms'}, socketSettings=SocketSettings{connectTimeoutMS=10000, readTimeoutMS=0, receiveBufferSize=0, proxySettings=ProxySettings{host=null, port=null, username=null, password=null}}, heartbeatSocketSettings=SocketSettings{connectTimeoutMS=10000, readTimeoutMS=10000, receiveBufferSize=0, proxySettings=ProxySettings{host=null, port=null, username=null, password=null}}, connectionPoolSettings=ConnectionPoolSettings{maxSize=100, minSize=0, maxWaitTimeMS=120000, maxConnectionLifeTimeMS=0, maxConnectionIdleTimeMS=0, maintenanceInitialDelayMS=0, maintenanceFrequencyMS=60000, connectionPoolListeners=[io.micrometer.core.instrument.binder.mongodb.MongoMetricsConnectionPoolListener@62d8e824], maxConnecting=2}, serverSettings=ServerSettings{heartbeatFrequencyMS=10000, minHeartbeatFrequencyMS=500, serverMonitoringMode=AUTO, serverListeners='[]', serverMonitorListeners='[]'}, sslSettings=SslSettings{enabled=false, invalidHostNameAllowed=false, context=null}, applicationName='null', compressorList=[], uuidRepresentation=JAVA_LEGACY, serverApi=null, autoEncryptionSettings=null, dnsClient=null, inetAddressResolver=null, contextProvider=null, timeoutMS=null}
25-10-25 16:16:37.446 [cluster-ClusterId{value='68fc79556d6c3fe60e36e4a1', description='null'}-localhost:27017]  INFO org.mongodb.driver.cluster           [ |  | ] - Monitor thread successfully connected to server with description ServerDescription{address=localhost:27017, type=STANDALONE, cryptd=false, state=CONNECTED, ok=true, minWireVersion=0, maxWireVersion=27, maxDocumentSize=16777216, logicalSessionTimeoutMinutes=30, roundTripTimeNanos=1743500, minRoundTripTimeNanos=0}
25-10-25 16:16:37.592 [restartedMain]  WARN o.s.b.a.s.s.UserDetailsServiceAutoConfiguration [ |  | ] - 

Using generated security password: 1011c600-481a-4f9a-8ba4-10ad3d5fcbac

This generated password is for development use only. Your security configuration must be updated before running your application in production.

25-10-25 16:16:37.593 [restartedMain]  INFO o.s.s.c.a.a.c.InitializeUserDetailsBeanManagerConfigurer$InitializeUserDetailsManagerConfigurer [ |  | ] - Global AuthenticationManager configured with UserDetailsService bean with name inMemoryUserDetailsManager
25-10-25 16:16:37.611 [restartedMain]  INFO o.s.b.a.e.web.EndpointLinksResolver  [ |  | ] - Exposing 3 endpoints beneath base path '/actuator'
25-10-25 16:16:37.686 [restartedMain]  INFO o.s.b.a.h.H2ConsoleAutoConfiguration [ |  | ] - H2 console available at '/h2-console'. Database available at 'jdbc:postgresql://localhost:5432/monew'
25-10-25 16:16:37.709 [restartedMain]  INFO o.s.b.d.a.OptionalLiveReloadServer   [ |  | ] - LiveReload server is running on port 35729
25-10-25 16:16:37.733 [restartedMain]  INFO o.a.coyote.http11.Http11NioProtocol  [ |  | ] - Starting ProtocolHandler ["http-nio-8080"]
25-10-25 16:16:37.736 [restartedMain]  INFO o.s.b.w.e.tomcat.TomcatWebServer     [ |  | ] - Tomcat started on port 8080 (http) with context path '/'
25-10-25 16:16:37.753 [restartedMain]  INFO com.spring.monew.MonewApplication    [ |  | ] - Started MonewApplication in 1.837 seconds (process running for 85308.173)
25-10-25 16:16:37.755 [restartedMain]  INFO o.s.b.d.a.ConditionEvaluationDeltaLoggingListener [ |  | ] - Condition evaluation unchanged
25-10-25 16:18:16.939 [File Watcher]  INFO o.s.b.d.a.LocalDevToolsAutoConfiguration$RestartingClassPathChangeChangedEventListener [ |  | ] - Restarting due to 71 class path changes (71 additions, 0 deletions, 0 modifications)
25-10-25 16:18:17.230 [Thread-119]  INFO o.s.b.w.e.tomcat.GracefulShutdown    [ |  | ] - Commencing graceful shutdown. Waiting for active requests to complete
25-10-25 16:18:17.267 [tomcat-shutdown]  INFO o.a.coyote.http11.Http11NioProtocol  [ |  | ] - Pausing ProtocolHandler ["http-nio-8080"]
25-10-25 16:18:17.685 [tomcat-shutdown]  INFO o.s.b.w.e.tomcat.GracefulShutdown    [ |  | ] - Graceful shutdown complete
25-10-25 16:18:17.695 [Thread-119]  INFO o.a.coyote.http11.Http11NioProtocol  [ |  | ] - Stopping ProtocolHandler ["http-nio-8080"]
25-10-25 16:18:17.820 [Thread-119]  INFO o.s.o.j.LocalContainerEntityManagerFactoryBean [ |  | ] - Closing JPA EntityManagerFactory for persistence unit 'default'
25-10-25 16:18:17.870 [Thread-119]  INFO com.zaxxer.hikari.HikariDataSource   [ |  | ] - HikariPool-33 - Shutdown initiated...
25-10-25 16:18:17.984 [Thread-119]  INFO com.zaxxer.hikari.HikariDataSource   [ |  | ] - HikariPool-33 - Shutdown completed.
25-10-25 16:18:21.618 [restartedMain]  INFO com.spring.monew.MonewApplication    [ |  | ] - Starting MonewApplication using Java 17.0.15 with PID 1184 (C:\dev_source\sb05-monew-team7\monew\build\classes\java\main started by SW in C:\dev_source\sb05-monew-team7)
25-10-25 16:18:21.618 [restartedMain]  INFO com.spring.monew.MonewApplication    [ |  | ] - No active profile set, falling back to 1 default profile: "default"
25-10-25 16:18:29.579 [restartedMain]  INFO o.s.d.r.c.RepositoryConfigurationDelegate [ |  | ] - Multiple Spring Data modules found, entering strict repository configuration mode
25-10-25 16:18:29.581 [restartedMain]  INFO o.s.d.r.c.RepositoryConfigurationDelegate [ |  | ] - Bootstrapping Spring Data JPA repositories in DEFAULT mode.
25-10-25 16:18:30.104 [restartedMain]  INFO o.s.d.r.c.RepositoryConfigurationDelegate [ |  | ] - Finished Spring Data repository scanning in 480 ms. Found 1 JPA repository interface.
25-10-25 16:18:30.119 [restartedMain]  INFO o.s.d.r.c.RepositoryConfigurationDelegate [ |  | ] - Multiple Spring Data modules found, entering strict repository configuration mode
25-10-25 16:18:30.119 [restartedMain]  INFO o.s.d.r.c.RepositoryConfigurationDelegate [ |  | ] - Bootstrapping Spring Data MongoDB repositories in DEFAULT mode.
25-10-25 16:18:30.344 [restartedMain]  INFO o.s.d.r.c.RepositoryConfigurationExtensionSupport [ |  | ] - Spring Data MongoDB - Could not safely identify store assignment for repository candidate interface com.spring.monew.user.repository.UserRepository; If you want this repository to be a MongoDB repository, consider annotating your entities with one of these annotations: org.springframework.data.mongodb.core.mapping.Document (preferred), or consider extending one of the following types with your repository: org.springframework.data.mongodb.repository.MongoRepository
25-10-25 16:18:30.345 [restartedMain]  INFO o.s.d.r.c.RepositoryConfigurationDelegate [ |  | ] - Finished Spring Data repository scanning in 206 ms. Found 0 MongoDB repository interfaces.
25-10-25 16:18:30.351 [restartedMain]  INFO o.s.d.r.c.RepositoryConfigurationDelegate [ |  | ] - Multiple Spring Data modules found, entering strict repository configuration mode
25-10-25 16:18:30.351 [restartedMain]  INFO o.s.d.r.c.RepositoryConfigurationDelegate [ |  | ] - Bootstrapping Spring Data Redis repositories in DEFAULT mode.
25-10-25 16:18:30.741 [restartedMain]  INFO o.s.d.r.c.RepositoryConfigurationExtensionSupport [ |  | ] - Spring Data Redis - Could not safely identify store assignment for repository candidate interface com.spring.monew.user.repository.UserRepository; If you want this repository to be a Redis repository, consider annotating your entities with one of these annotations: org.springframework.data.redis.core.RedisHash (preferred), or consider extending one of the following types with your repository: org.springframework.data.keyvalue.repository.KeyValueRepository
25-10-25 16:18:30.743 [restartedMain]  INFO o.s.d.r.c.RepositoryConfigurationDelegate [ |  | ] - Finished Spring Data repository scanning in 379 ms. Found 0 Redis repository interfaces.
25-10-25 16:18:33.682 [restartedMain]  INFO o.s.b.w.e.tomcat.TomcatWebServer     [ |  | ] - Tomcat initialized with port 8080 (http)
25-10-25 16:18:33.694 [restartedMain]  INFO o.a.coyote.http11.Http11NioProtocol  [ |  | ] - Initializing ProtocolHandler ["http-nio-8080"]
25-10-25 16:18:33.698 [restartedMain]  INFO o.a.catalina.core.StandardService    [ |  | ] - Starting service [Tomcat]
25-10-25 16:18:33.698 [restartedMain]  INFO o.a.catalina.core.StandardEngine     [ |  | ] - Starting Servlet engine: [Apache Tomcat/10.1.46]
25-10-25 16:18:34.080 [restartedMain]  INFO o.a.c.c.C.[Tomcat-9].[localhost].[/] [ |  | ] - Initializing Spring embedded WebApplicationContext
25-10-25 16:18:34.081 [restartedMain]  INFO o.s.b.w.s.c.ServletWebServerApplicationContext [ |  | ] - Root WebApplicationContext: initialization completed in 12442 ms
25-10-25 16:18:34.293 [restartedMain] DEBUG o.s.w.f.ServerHttpObservationFilter  [ |  | ] - Filter 'webMvcObservationFilter' configured for use
25-10-25 16:18:34.342 [restartedMain]  INFO com.zaxxer.hikari.HikariDataSource   [ |  | ] - HikariPool-34 - Starting...
25-10-25 16:18:34.933 [restartedMain]  INFO com.zaxxer.hikari.pool.HikariPool    [ |  | ] - HikariPool-34 - Added connection org.postgresql.jdbc.PgConnection@11bfcd5b
25-10-25 16:18:34.934 [restartedMain]  INFO com.zaxxer.hikari.HikariDataSource   [ |  | ] - HikariPool-34 - Start completed.
25-10-25 16:18:35.109 [restartedMain]  INFO o.h.jpa.internal.util.LogHelper      [ |  | ] - HHH000204: Processing PersistenceUnitInfo [name: default]
25-10-25 16:18:35.142 [restartedMain]  INFO o.h.c.i.RegionFactoryInitiator       [ |  | ] - HHH000026: Second-level cache disabled
25-10-25 16:18:35.308 [restartedMain]  INFO o.s.o.j.p.SpringPersistenceUnitInfo  [ |  | ] - No LoadTimeWeaver setup: ignoring JPA class transformer
25-10-25 16:18:35.403 [restartedMain]  WARN org.hibernate.orm.deprecation        [ |  | ] - HHH90000025: PostgreSQLDialect does not need to be specified explicitly using 'hibernate.dialect' (remove the property setting and it will be selected by default)
25-10-25 16:18:35.416 [restartedMain]  INFO o.hibernate.orm.connections.pooling  [ |  | ] - HHH10001005: Database info:
	Database JDBC URL [Connecting through datasource 'HikariDataSource (HikariPool-34)']
	Database driver: undefined/unknown
	Database version: 17.6
	Autocommit mode: undefined/unknown
	Isolation level: undefined/unknown
	Minimum pool size: undefined/unknown
	Maximum pool size: undefined/unknown
25-10-25 16:18:35.426 [restartedMain] DEBUG o.h.t.d.sql.spi.DdlTypeRegistry      [ |  | ] - addDescriptor(2003, org.hibernate.type.descriptor.sql.internal.ArrayDdlTypeImpl@2ba41f91) replaced previous registration(org.hibernate.type.descriptor.sql.internal.ArrayDdlTypeImpl@35b15f5a)
25-10-25 16:18:35.427 [restartedMain] DEBUG o.h.t.d.sql.spi.DdlTypeRegistry      [ |  | ] - addDescriptor(6, org.hibernate.type.descriptor.sql.internal.CapacityDependentDdlType@72a74448) replaced previous registration(org.hibernate.type.descriptor.sql.internal.DdlTypeImpl@795dd7a5)
25-10-25 16:18:36.882 [restartedMain]  INFO o.h.e.t.j.p.i.JtaPlatformInitiator   [ |  | ] - HHH000489: No JTA platform available (set 'hibernate.transaction.jta.platform' to enable JTA platform integration)
25-10-25 16:18:37.067 [restartedMain]  INFO o.s.o.j.LocalContainerEntityManagerFactoryBean [ |  | ] - Initialized JPA EntityManagerFactory for persistence unit 'default'
25-10-25 16:18:37.613 [restartedMain]  WARN o.s.b.a.o.j.JpaBaseConfiguration$JpaWebConfiguration [ |  | ] - spring.jpa.open-in-view is enabled by default. Therefore, database queries may be performed during view rendering. Explicitly configure spring.jpa.open-in-view to disable this warning
25-10-25 16:18:37.653 [restartedMain]  INFO o.s.b.a.w.s.WelcomePageHandlerMapping [ |  | ] - Adding welcome page: class path resource [static/index.html]
25-10-25 16:18:37.700 [restartedMain] DEBUG o.s.w.s.m.m.a.RequestMappingHandlerMapping [ |  | ] - 7 mappings in 'requestMappingHandlerMapping'
25-10-25 16:18:37.931 [restartedMain] DEBUG o.s.w.s.h.SimpleUrlHandlerMapping    [ |  | ] - Patterns [/webjars/**, /**, /swagger-ui*/*swagger-initializer.js, /swagger-ui*/**] in 'resourceHandlerMapping'
25-10-25 16:18:38.098 [restartedMain]  INFO org.mongodb.driver.client            [ |  | ] - MongoClient with metadata {"driver": {"name": "mongo-java-driver|sync|spring-boot", "version": "5.5.1"}, "os": {"type": "Windows", "name": "Windows 11", "architecture": "amd64", "version": "10.0"}, "platform": "Java/Oracle Corporation/17.0.15+9-LTS-241"} created with settings MongoClientSettings{readPreference=primary, writeConcern=WriteConcern{w=null, wTimeout=null ms, journal=null}, retryWrites=true, retryReads=true, readConcern=ReadConcern{level=null}, credential=null, transportSettings=null, commandListeners=[io.micrometer.core.instrument.binder.mongodb.MongoMetricsCommandListener@6efd7c43], codecRegistry=ProvidersCodecRegistry{codecProviders=[ValueCodecProvider{}, BsonValueCodecProvider{}, DBRefCodecProvider{}, DBObjectCodecProvider{}, DocumentCodecProvider{}, CollectionCodecProvider{}, IterableCodecProvider{}, MapCodecProvider{}, GeoJsonCodecProvider{}, GridFSFileCodecProvider{}, Jsr310CodecProvider{}, JsonObjectCodecProvider{}, BsonCodecProvider{}, EnumCodecProvider{}, com.mongodb.client.model.mql.ExpressionCodecProvider@6edba9db, com.mongodb.Jep395RecordCodecProvider@342ce045, com.mongodb.KotlinCodecProvider@3d1ec787]}, loggerSettings=LoggerSettings{maxDocumentLength=1000}, clusterSettings={hosts=[localhost:27017], srvServiceName=mongodb, mode=SINGLE, requiredClusterType=UNKNOWN, requiredReplicaSetName='null', serverSelector='null', clusterListeners='[]', serverSelectionTimeout='30000 ms', localThreshold='15 ms'}, socketSettings=SocketSettings{connectTimeoutMS=10000, readTimeoutMS=0, receiveBufferSize=0, proxySettings=ProxySettings{host=null, port=null, username=null, password=null}}, heartbeatSocketSettings=SocketSettings{connectTimeoutMS=10000, readTimeoutMS=10000, receiveBufferSize=0, proxySettings=ProxySettings{host=null, port=null, username=null, password=null}}, connectionPoolSettings=ConnectionPoolSettings{maxSize=100, minSize=0, maxWaitTimeMS=120000, maxConnectionLifeTimeMS=0, maxConnectionIdleTimeMS=0, maintenanceInitialDelayMS=0, maintenanceFrequencyMS=60000, connectionPoolListeners=[io.micrometer.core.instrument.binder.mongodb.MongoMetricsConnectionPoolListener@129920a4], maxConnecting=2}, serverSettings=ServerSettings{heartbeatFrequencyMS=10000, minHeartbeatFrequencyMS=500, serverMonitoringMode=AUTO, serverListeners='[]', serverMonitorListeners='[]'}, sslSettings=SslSettings{enabled=false, invalidHostNameAllowed=false, context=null}, applicationName='null', compressorList=[], uuidRepresentation=JAVA_LEGACY, serverApi=null, autoEncryptionSettings=null, dnsClient=null, inetAddressResolver=null, contextProvider=null, timeoutMS=null}
25-10-25 16:18:38.227 [cluster-ClusterId{value='68fc79ce6d6c3fe60e36e4a2', description='null'}-localhost:27017]  INFO org.mongodb.driver.cluster           [ |  | ] - Monitor thread successfully connected to server with description ServerDescription{address=localhost:27017, type=STANDALONE, cryptd=false, state=CONNECTED, ok=true, minWireVersion=0, maxWireVersion=27, maxDocumentSize=16777216, logicalSessionTimeoutMinutes=30, roundTripTimeNanos=119420200, minRoundTripTimeNanos=0}
25-10-25 16:18:38.464 [restartedMain]  INFO o.s.b.a.e.web.EndpointLinksResolver  [ |  | ] - Exposing 3 endpoints beneath base path '/actuator'
25-10-25 16:18:38.519 [restartedMain]  WARN o.s.b.a.s.s.UserDetailsServiceAutoConfiguration [ |  | ] - 

Using generated security password: 2a8b48af-1f3e-4feb-a7b2-d2b1aecc9c05

This generated password is for development use only. Your security configuration must be updated before running your application in production.

25-10-25 16:18:38.526 [restartedMain]  INFO o.s.s.c.a.a.c.InitializeUserDetailsBeanManagerConfigurer$InitializeUserDetailsManagerConfigurer [ |  | ] - Global AuthenticationManager configured with UserDetailsService bean with name inMemoryUserDetailsManager
25-10-25 16:18:38.748 [restartedMain] DEBUG o.s.w.s.m.m.a.RequestMappingHandlerAdapter [ |  | ] - ControllerAdvice beans: 0 @ModelAttribute, 0 @InitBinder, 1 RequestBodyAdvice, 1 ResponseBodyAdvice
25-10-25 16:18:38.828 [restartedMain] DEBUG o.s.w.s.m.m.a.ExceptionHandlerExceptionResolver [ |  | ] - ControllerAdvice beans: 1 @ExceptionHandler, 1 ResponseBodyAdvice
25-10-25 16:18:39.896 [restartedMain]  INFO o.s.b.a.h.H2ConsoleAutoConfiguration [ |  | ] - H2 console available at '/h2-console'. Database available at 'jdbc:postgresql://localhost:5432/monew'
25-10-25 16:18:40.038 [restartedMain]  INFO o.s.b.d.a.OptionalLiveReloadServer   [ |  | ] - LiveReload server is running on port 35729
25-10-25 16:18:40.295 [restartedMain]  INFO o.a.coyote.http11.Http11NioProtocol  [ |  | ] - Starting ProtocolHandler ["http-nio-8080"]
25-10-25 16:18:40.415 [restartedMain]  INFO o.s.b.w.e.tomcat.TomcatWebServer     [ |  | ] - Tomcat started on port 8080 (http) with context path '/'
25-10-25 16:18:40.576 [restartedMain]  INFO com.spring.monew.MonewApplication    [ |  | ] - Started MonewApplication in 19.365 seconds (process running for 85430.996)
25-10-25 16:18:40.671 [restartedMain]  INFO o.s.b.d.a.ConditionEvaluationDeltaLoggingListener [ |  | ] - Condition evaluation delta:


==========================
CONDITION EVALUATION DELTA
==========================


Positive matches:
-----------------

    None


Negative matches:
-----------------

   ManagementWebSecurityAutoConfiguration:
      Did not match:
         - AllNestedConditions 1 matched 1 did not; NestedCondition on DefaultWebSecurityCondition.Beans @ConditionalOnMissingBean (types: org.springframework.security.web.SecurityFilterChain; SearchStrategy: all) found beans of type 'org.springframework.security.web.SecurityFilterChain' filterChain; NestedCondition on DefaultWebSecurityCondition.Classes @ConditionalOnClass found required classes 'org.springframework.security.web.SecurityFilterChain', 'org.springframework.security.config.annotation.web.builders.HttpSecurity' (DefaultWebSecurityCondition)
      Matched:
         - found 'session' scope (OnWebApplicationCondition)

   SpringBootWebSecurityConfiguration.WebSecurityEnablerConfiguration:
      Did not match:
         - @ConditionalOnMissingBean (names: springSecurityFilterChain; SearchStrategy: all) found beans named springSecurityFilterChain (OnBeanCondition)
      Matched:
         - @ConditionalOnClass found required class 'org.springframework.security.config.annotation.web.configuration.EnableWebSecurity' (OnClassCondition)


Exclusions:
-----------

    None


Unconditional classes:
----------------------

    None



25-10-25 16:18:46.472 [SpringApplicationShutdownHook]  INFO o.s.b.w.e.tomcat.GracefulShutdown    [ |  | ] - Commencing graceful shutdown. Waiting for active requests to complete
25-10-25 16:18:50.441 [tomcat-shutdown]  INFO o.s.b.w.e.tomcat.GracefulShutdown    [ |  | ] - Graceful shutdown complete
25-10-25 16:18:50.851 [SpringApplicationShutdownHook]  INFO o.s.o.j.LocalContainerEntityManagerFactoryBean [ |  | ] - Closing JPA EntityManagerFactory for persistence unit 'default'
25-10-25 16:18:50.854 [SpringApplicationShutdownHook]  INFO com.zaxxer.hikari.HikariDataSource   [ |  | ] - HikariPool-34 - Shutdown initiated...
25-10-25 16:18:50.898 [SpringApplicationShutdownHook]  INFO com.zaxxer.hikari.HikariDataSource   [ |  | ] - HikariPool-34 - Shutdown completed.
25-10-25 16:46:11.342 [background-preinit]  INFO o.h.validator.internal.util.Version  [ |  | ] - HV000001: Hibernate Validator 8.0.3.Final
25-10-25 16:46:11.409 [restartedMain]  INFO com.spring.monew.MonewApplication    [ |  | ] - Starting MonewApplication using Java 17.0.15 with PID 25748 (C:\dev_source\sb05-monew-team7\monew\build\classes\java\main started by SW in C:\dev_source\sb05-monew-team7)
25-10-25 16:46:11.411 [restartedMain]  INFO com.spring.monew.MonewApplication    [ |  | ] - No active profile set, falling back to 1 default profile: "default"
25-10-25 16:46:11.468 [restartedMain]  INFO o.s.b.d.e.DevToolsPropertyDefaultsPostProcessor [ |  | ] - Devtools property defaults active! Set 'spring.devtools.add-properties' to 'false' to disable
25-10-25 16:46:11.468 [restartedMain]  INFO o.s.b.d.e.DevToolsPropertyDefaultsPostProcessor [ |  | ] - For additional web related logging consider setting the 'logging.level.web' property to 'DEBUG'
25-10-25 16:46:13.348 [restartedMain]  INFO o.s.d.r.c.RepositoryConfigurationDelegate [ |  | ] - Multiple Spring Data modules found, entering strict repository configuration mode
25-10-25 16:46:13.350 [restartedMain]  INFO o.s.d.r.c.RepositoryConfigurationDelegate [ |  | ] - Bootstrapping Spring Data JPA repositories in DEFAULT mode.
25-10-25 16:46:13.596 [restartedMain]  INFO o.s.d.r.c.RepositoryConfigurationDelegate [ |  | ] - Finished Spring Data repository scanning in 233 ms. Found 1 JPA repository interface.
25-10-25 16:46:13.609 [restartedMain]  INFO o.s.d.r.c.RepositoryConfigurationDelegate [ |  | ] - Multiple Spring Data modules found, entering strict repository configuration mode
25-10-25 16:46:13.609 [restartedMain]  INFO o.s.d.r.c.RepositoryConfigurationDelegate [ |  | ] - Bootstrapping Spring Data MongoDB repositories in DEFAULT mode.
25-10-25 16:46:13.638 [restartedMain]  INFO o.s.d.r.c.RepositoryConfigurationExtensionSupport [ |  | ] - Spring Data MongoDB - Could not safely identify store assignment for repository candidate interface com.spring.monew.user.repository.UserRepository; If you want this repository to be a MongoDB repository, consider annotating your entities with one of these annotations: org.springframework.data.mongodb.core.mapping.Document (preferred), or consider extending one of the following types with your repository: org.springframework.data.mongodb.repository.MongoRepository
25-10-25 16:46:13.638 [restartedMain]  INFO o.s.d.r.c.RepositoryConfigurationDelegate [ |  | ] - Finished Spring Data repository scanning in 28 ms. Found 0 MongoDB repository interfaces.
25-10-25 16:46:13.651 [restartedMain]  INFO o.s.d.r.c.RepositoryConfigurationDelegate [ |  | ] - Multiple Spring Data modules found, entering strict repository configuration mode
25-10-25 16:46:13.653 [restartedMain]  INFO o.s.d.r.c.RepositoryConfigurationDelegate [ |  | ] - Bootstrapping Spring Data Redis repositories in DEFAULT mode.
25-10-25 16:46:13.686 [restartedMain]  INFO o.s.d.r.c.RepositoryConfigurationExtensionSupport [ |  | ] - Spring Data Redis - Could not safely identify store assignment for repository candidate interface com.spring.monew.user.repository.UserRepository; If you want this repository to be a Redis repository, consider annotating your entities with one of these annotations: org.springframework.data.redis.core.RedisHash (preferred), or consider extending one of the following types with your repository: org.springframework.data.keyvalue.repository.KeyValueRepository
25-10-25 16:46:13.687 [restartedMain]  INFO o.s.d.r.c.RepositoryConfigurationDelegate [ |  | ] - Finished Spring Data repository scanning in 25 ms. Found 0 Redis repository interfaces.
25-10-25 16:46:14.407 [restartedMain]  INFO o.s.b.w.e.tomcat.TomcatWebServer     [ |  | ] - Tomcat initialized with port 8080 (http)
25-10-25 16:46:14.421 [restartedMain]  INFO o.a.coyote.http11.Http11NioProtocol  [ |  | ] - Initializing ProtocolHandler ["http-nio-8080"]
25-10-25 16:46:14.423 [restartedMain]  INFO o.a.catalina.core.StandardService    [ |  | ] - Starting service [Tomcat]
25-10-25 16:46:14.423 [restartedMain]  INFO o.a.catalina.core.StandardEngine     [ |  | ] - Starting Servlet engine: [Apache Tomcat/10.1.46]
25-10-25 16:46:14.505 [restartedMain]  INFO o.a.c.c.C.[Tomcat].[localhost].[/]   [ |  | ] - Initializing Spring embedded WebApplicationContext
25-10-25 16:46:14.507 [restartedMain]  INFO o.s.b.w.s.c.ServletWebServerApplicationContext [ |  | ] - Root WebApplicationContext: initialization completed in 3036 ms
25-10-25 16:46:14.707 [restartedMain] DEBUG o.s.w.f.ServerHttpObservationFilter  [ |  | ] - Filter 'webMvcObservationFilter' configured for use
25-10-25 16:46:14.759 [restartedMain]  INFO com.zaxxer.hikari.HikariDataSource   [ |  | ] - HikariPool-1 - Starting...
25-10-25 16:46:15.014 [restartedMain]  INFO com.zaxxer.hikari.pool.HikariPool    [ |  | ] - HikariPool-1 - Added connection org.postgresql.jdbc.PgConnection@2da97f53
25-10-25 16:46:15.016 [restartedMain]  INFO com.zaxxer.hikari.HikariDataSource   [ |  | ] - HikariPool-1 - Start completed.
25-10-25 16:46:15.142 [restartedMain]  INFO o.h.jpa.internal.util.LogHelper      [ |  | ] - HHH000204: Processing PersistenceUnitInfo [name: default]
25-10-25 16:46:15.225 [restartedMain]  INFO org.hibernate.Version                [ |  | ] - HHH000412: Hibernate ORM core version 6.6.29.Final
25-10-25 16:46:15.278 [restartedMain]  INFO o.h.c.i.RegionFactoryInitiator       [ |  | ] - HHH000026: Second-level cache disabled
25-10-25 16:46:15.689 [restartedMain]  INFO o.s.o.j.p.SpringPersistenceUnitInfo  [ |  | ] - No LoadTimeWeaver setup: ignoring JPA class transformer
25-10-25 16:46:15.806 [restartedMain]  WARN org.hibernate.orm.deprecation        [ |  | ] - HHH90000025: PostgreSQLDialect does not need to be specified explicitly using 'hibernate.dialect' (remove the property setting and it will be selected by default)
25-10-25 16:46:15.832 [restartedMain]  INFO o.hibernate.orm.connections.pooling  [ |  | ] - HHH10001005: Database info:
	Database JDBC URL [Connecting through datasource 'HikariDataSource (HikariPool-1)']
	Database driver: undefined/unknown
	Database version: 17.6
	Autocommit mode: undefined/unknown
	Isolation level: undefined/unknown
	Minimum pool size: undefined/unknown
	Maximum pool size: undefined/unknown
25-10-25 16:46:15.840 [restartedMain] DEBUG o.h.t.d.sql.spi.DdlTypeRegistry      [ |  | ] - addDescriptor(2003, org.hibernate.type.descriptor.sql.internal.ArrayDdlTypeImpl@78bd27e2) replaced previous registration(org.hibernate.type.descriptor.sql.internal.ArrayDdlTypeImpl@6648d743)
25-10-25 16:46:15.840 [restartedMain] DEBUG o.h.t.d.sql.spi.DdlTypeRegistry      [ |  | ] - addDescriptor(6, org.hibernate.type.descriptor.sql.internal.CapacityDependentDdlType@1a84212b) replaced previous registration(org.hibernate.type.descriptor.sql.internal.DdlTypeImpl@3512b34b)
25-10-25 16:46:16.937 [restartedMain]  INFO o.h.e.t.j.p.i.JtaPlatformInitiator   [ |  | ] - HHH000489: No JTA platform available (set 'hibernate.transaction.jta.platform' to enable JTA platform integration)
25-10-25 16:46:17.059 [restartedMain]  INFO o.s.o.j.LocalContainerEntityManagerFactoryBean [ |  | ] - Initialized JPA EntityManagerFactory for persistence unit 'default'
25-10-25 16:46:17.603 [restartedMain]  WARN o.s.b.a.o.j.JpaBaseConfiguration$JpaWebConfiguration [ |  | ] - spring.jpa.open-in-view is enabled by default. Therefore, database queries may be performed during view rendering. Explicitly configure spring.jpa.open-in-view to disable this warning
25-10-25 16:46:17.643 [restartedMain]  INFO o.s.b.a.w.s.WelcomePageHandlerMapping [ |  | ] - Adding welcome page: class path resource [static/index.html]
25-10-25 16:46:17.741 [restartedMain] DEBUG o.s.w.s.m.m.a.RequestMappingHandlerMapping [ |  | ] - 7 mappings in 'requestMappingHandlerMapping'
25-10-25 16:46:17.870 [restartedMain] DEBUG o.s.w.s.h.SimpleUrlHandlerMapping    [ |  | ] - Patterns [/webjars/**, /**, /swagger-ui*/*swagger-initializer.js, /swagger-ui*/**] in 'resourceHandlerMapping'
25-10-25 16:46:18.156 [restartedMain]  INFO org.mongodb.driver.client            [ |  | ] - MongoClient with metadata {"driver": {"name": "mongo-java-driver|sync|spring-boot", "version": "5.5.1"}, "os": {"type": "Windows", "name": "Windows 11", "architecture": "amd64", "version": "10.0"}, "platform": "Java/Oracle Corporation/17.0.15+9-LTS-241"} created with settings MongoClientSettings{readPreference=primary, writeConcern=WriteConcern{w=null, wTimeout=null ms, journal=null}, retryWrites=true, retryReads=true, readConcern=ReadConcern{level=null}, credential=null, transportSettings=null, commandListeners=[io.micrometer.core.instrument.binder.mongodb.MongoMetricsCommandListener@7e791c7e], codecRegistry=ProvidersCodecRegistry{codecProviders=[ValueCodecProvider{}, BsonValueCodecProvider{}, DBRefCodecProvider{}, DBObjectCodecProvider{}, DocumentCodecProvider{}, CollectionCodecProvider{}, IterableCodecProvider{}, MapCodecProvider{}, GeoJsonCodecProvider{}, GridFSFileCodecProvider{}, Jsr310CodecProvider{}, JsonObjectCodecProvider{}, BsonCodecProvider{}, EnumCodecProvider{}, com.mongodb.client.model.mql.ExpressionCodecProvider@6786145c, com.mongodb.Jep395RecordCodecProvider@6547f6ba, com.mongodb.KotlinCodecProvider@3a4a8301]}, loggerSettings=LoggerSettings{maxDocumentLength=1000}, clusterSettings={hosts=[localhost:27017], srvServiceName=mongodb, mode=SINGLE, requiredClusterType=UNKNOWN, requiredReplicaSetName='null', serverSelector='null', clusterListeners='[]', serverSelectionTimeout='30000 ms', localThreshold='15 ms'}, socketSettings=SocketSettings{connectTimeoutMS=10000, readTimeoutMS=0, receiveBufferSize=0, proxySettings=ProxySettings{host=null, port=null, username=null, password=null}}, heartbeatSocketSettings=SocketSettings{connectTimeoutMS=10000, readTimeoutMS=10000, receiveBufferSize=0, proxySettings=ProxySettings{host=null, port=null, username=null, password=null}}, connectionPoolSettings=ConnectionPoolSettings{maxSize=100, minSize=0, maxWaitTimeMS=120000, maxConnectionLifeTimeMS=0, maxConnectionIdleTimeMS=0, maintenanceInitialDelayMS=0, maintenanceFrequencyMS=60000, connectionPoolListeners=[io.micrometer.core.instrument.binder.mongodb.MongoMetricsConnectionPoolListener@5843fb5e], maxConnecting=2}, serverSettings=ServerSettings{heartbeatFrequencyMS=10000, minHeartbeatFrequencyMS=500, serverMonitoringMode=AUTO, serverListeners='[]', serverMonitorListeners='[]'}, sslSettings=SslSettings{enabled=false, invalidHostNameAllowed=false, context=null}, applicationName='null', compressorList=[], uuidRepresentation=JAVA_LEGACY, serverApi=null, autoEncryptionSettings=null, dnsClient=null, inetAddressResolver=null, contextProvider=null, timeoutMS=null}
25-10-25 16:46:18.184 [cluster-ClusterId{value='68fc804a538315bbf056a16d', description='null'}-localhost:27017]  INFO org.mongodb.driver.cluster           [ |  | ] - Monitor thread successfully connected to server with description ServerDescription{address=localhost:27017, type=STANDALONE, cryptd=false, state=CONNECTED, ok=true, minWireVersion=0, maxWireVersion=27, maxDocumentSize=16777216, logicalSessionTimeoutMinutes=30, roundTripTimeNanos=50928300, minRoundTripTimeNanos=0}
25-10-25 16:46:18.769 [restartedMain]  INFO o.s.b.a.e.web.EndpointLinksResolver  [ |  | ] - Exposing 3 endpoints beneath base path '/actuator'
25-10-25 16:46:18.805 [restartedMain]  WARN o.s.b.a.s.s.UserDetailsServiceAutoConfiguration [ |  | ] - 

Using generated security password: 04e33113-d9ba-4b7f-8225-813c3ea81d12

This generated password is for development use only. Your security configuration must be updated before running your application in production.

25-10-25 16:46:18.814 [restartedMain]  INFO o.s.s.c.a.a.c.InitializeUserDetailsBeanManagerConfigurer$InitializeUserDetailsManagerConfigurer [ |  | ] - Global AuthenticationManager configured with UserDetailsService bean with name inMemoryUserDetailsManager
25-10-25 16:46:19.023 [restartedMain] DEBUG o.s.w.s.m.m.a.RequestMappingHandlerAdapter [ |  | ] - ControllerAdvice beans: 0 @ModelAttribute, 0 @InitBinder, 1 RequestBodyAdvice, 1 ResponseBodyAdvice
25-10-25 16:46:19.084 [restartedMain] DEBUG o.s.w.s.m.m.a.ExceptionHandlerExceptionResolver [ |  | ] - ControllerAdvice beans: 1 @ExceptionHandler, 1 ResponseBodyAdvice
25-10-25 16:46:19.518 [restartedMain]  INFO o.s.b.a.h.H2ConsoleAutoConfiguration [ |  | ] - H2 console available at '/h2-console'. Database available at 'jdbc:postgresql://localhost:5432/monew'
25-10-25 16:46:19.583 [restartedMain]  INFO o.s.b.d.a.OptionalLiveReloadServer   [ |  | ] - LiveReload server is running on port 35729
25-10-25 16:46:19.655 [restartedMain]  INFO o.a.coyote.http11.Http11NioProtocol  [ |  | ] - Starting ProtocolHandler ["http-nio-8080"]
25-10-25 16:46:19.684 [restartedMain]  INFO o.s.b.w.e.tomcat.TomcatWebServer     [ |  | ] - Tomcat started on port 8080 (http) with context path '/'
25-10-25 16:46:19.707 [restartedMain]  INFO com.spring.monew.MonewApplication    [ |  | ] - Started MonewApplication in 9.015 seconds (process running for 10.23)
25-10-25 16:46:20.058 [RMI TCP Connection(3)-192.168.32.1]  INFO o.a.c.c.C.[Tomcat].[localhost].[/]   [ |  | ] - Initializing Spring DispatcherServlet 'dispatcherServlet'
25-10-25 16:46:20.059 [RMI TCP Connection(3)-192.168.32.1]  INFO o.s.web.servlet.DispatcherServlet    [ |  | ] - Initializing Servlet 'dispatcherServlet'
25-10-25 16:46:20.059 [RMI TCP Connection(3)-192.168.32.1] DEBUG o.s.web.servlet.DispatcherServlet    [ |  | ] - Detected StandardServletMultipartResolver
25-10-25 16:46:20.059 [RMI TCP Connection(3)-192.168.32.1] DEBUG o.s.web.servlet.DispatcherServlet    [ |  | ] - Detected AcceptHeaderLocaleResolver
25-10-25 16:46:20.059 [RMI TCP Connection(3)-192.168.32.1] DEBUG o.s.web.servlet.DispatcherServlet    [ |  | ] - Detected FixedThemeResolver
25-10-25 16:46:20.062 [RMI TCP Connection(3)-192.168.32.1] DEBUG o.s.web.servlet.DispatcherServlet    [ |  | ] - Detected org.springframework.web.servlet.view.DefaultRequestToViewNameTranslator@3dce2dca
25-10-25 16:46:20.062 [RMI TCP Connection(3)-192.168.32.1] DEBUG o.s.web.servlet.DispatcherServlet    [ |  | ] - Detected org.springframework.web.servlet.support.SessionFlashMapManager@757a5e81
25-10-25 16:46:20.063 [RMI TCP Connection(3)-192.168.32.1] DEBUG o.s.web.servlet.DispatcherServlet    [ |  | ] - enableLoggingRequestDetails='false': request parameters and headers will be masked to prevent unsafe logging of potentially sensitive data
25-10-25 16:46:20.063 [RMI TCP Connection(3)-192.168.32.1]  INFO o.s.web.servlet.DispatcherServlet    [ |  | ] - Completed initialization in 4 ms
25-10-25 16:46:20.636 [boundedElastic-1]  WARN o.s.b.a.d.r.RedisReactiveHealthIndicator [ |  | ] - Redis health check failed
org.springframework.data.redis.RedisConnectionFailureException: Unable to connect to Redis
	at org.springframework.data.redis.connection.lettuce.LettuceConnectionFactory$ExceptionTranslatingConnectionProvider.translateException(LettuceConnectionFactory.java:1866)
	at org.springframework.data.redis.connection.lettuce.LettuceConnectionFactory$ExceptionTranslatingConnectionProvider.getConnection(LettuceConnectionFactory.java:1797)
	at org.springframework.data.redis.connection.lettuce.LettuceConnectionFactory$SharedConnection.getNativeConnection(LettuceConnectionFactory.java:1594)
	at org.springframework.data.redis.connection.lettuce.LettuceConnectionFactory$SharedConnection.lambda$getConnection$0(LettuceConnectionFactory.java:1574)
	at org.springframework.data.redis.connection.lettuce.LettuceConnectionFactory.doInLock(LettuceConnectionFactory.java:1535)
	at org.springframework.data.redis.connection.lettuce.LettuceConnectionFactory$SharedConnection.getConnection(LettuceConnectionFactory.java:1571)
	at org.springframework.data.redis.connection.lettuce.LettuceConnectionFactory.getSharedReactiveConnection(LettuceConnectionFactory.java:1282)
	at org.springframework.data.redis.connection.lettuce.LettuceConnectionFactory.getReactiveConnection(LettuceConnectionFactory.java:1157)
	at org.springframework.data.redis.connection.lettuce.LettuceConnectionFactory.getReactiveConnection(LettuceConnectionFactory.java:121)
	at reactor.core.publisher.MonoSupplier.call(MonoSupplier.java:67)
	at reactor.core.publisher.FluxSubscribeOnCallable$CallableSubscribeOnSubscription.run(FluxSubscribeOnCallable.java:228)
	at reactor.core.scheduler.SchedulerTask.call(SchedulerTask.java:68)
	at reactor.core.scheduler.SchedulerTask.call(SchedulerTask.java:28)
	at java.base/java.util.concurrent.FutureTask.run(FutureTask.java:264)
	at java.base/java.util.concurrent.ScheduledThreadPoolExecutor$ScheduledFutureTask.run(ScheduledThreadPoolExecutor.java:304)
	at java.base/java.util.concurrent.ThreadPoolExecutor.runWorker(ThreadPoolExecutor.java:1136)
	at java.base/java.util.concurrent.ThreadPoolExecutor$Worker.run(ThreadPoolExecutor.java:635)
	at java.base/java.lang.Thread.run(Thread.java:842)
Caused by: io.lettuce.core.RedisConnectionException: Unable to connect to localhost/<unresolved>:6379
	at io.lettuce.core.RedisConnectionException.create(RedisConnectionException.java:63)
	at io.lettuce.core.RedisConnectionException.create(RedisConnectionException.java:41)
	at io.lettuce.core.AbstractRedisClient.getConnection(AbstractRedisClient.java:354)
	at io.lettuce.core.RedisClient.connect(RedisClient.java:220)
	at org.springframework.data.redis.connection.lettuce.StandaloneConnectionProvider.lambda$getConnection$1(StandaloneConnectionProvider.java:112)
	at java.base/java.util.Optional.orElseGet(Optional.java:364)
	at org.springframework.data.redis.connection.lettuce.StandaloneConnectionProvider.getConnection(StandaloneConnectionProvider.java:112)
	at org.springframework.data.redis.connection.lettuce.LettuceConnectionFactory$ExceptionTranslatingConnectionProvider.getConnection(LettuceConnectionFactory.java:1795)
	... 16 common frames omitted
Caused by: io.netty.channel.AbstractChannel$AnnotatedConnectException: Connection refused: no further information: localhost/127.0.0.1:6379
Caused by: java.net.ConnectException: Connection refused: no further information
	at java.base/sun.nio.ch.Net.pollConnect(Native Method)
	at java.base/sun.nio.ch.Net.pollConnectNow(Net.java:672)
	at java.base/sun.nio.ch.SocketChannelImpl.finishConnect(SocketChannelImpl.java:946)
	at io.netty.channel.socket.nio.NioSocketChannel.doFinishConnect(NioSocketChannel.java:336)
	at io.netty.channel.nio.AbstractNioChannel$AbstractNioUnsafe.finishConnect(AbstractNioChannel.java:339)
	at io.netty.channel.nio.NioEventLoop.processSelectedKey(NioEventLoop.java:784)
	at io.netty.channel.nio.NioEventLoop.processSelectedKeysOptimized(NioEventLoop.java:732)
	at io.netty.channel.nio.NioEventLoop.processSelectedKeys(NioEventLoop.java:658)
	at io.netty.channel.nio.NioEventLoop.run(NioEventLoop.java:562)
	at io.netty.util.concurrent.SingleThreadEventExecutor$4.run(SingleThreadEventExecutor.java:998)
	at io.netty.util.internal.ThreadExecutorMap$2.run(ThreadExecutorMap.java:74)
	at io.netty.util.concurrent.FastThreadLocalRunnable.run(FastThreadLocalRunnable.java:30)
	at java.base/java.lang.Thread.run(Thread.java:842)
25-10-25 16:47:54.800 [File Watcher]  INFO o.s.b.d.a.LocalDevToolsAutoConfiguration$RestartingClassPathChangeChangedEventListener [ |  | ] - Restarting due to 43 class path changes (43 additions, 0 deletions, 0 modifications)
25-10-25 16:47:55.436 [Thread-5]  INFO o.s.b.w.e.tomcat.GracefulShutdown    [ |  | ] - Commencing graceful shutdown. Waiting for active requests to complete
25-10-25 16:47:55.465 [tomcat-shutdown]  INFO o.a.coyote.http11.Http11NioProtocol  [ |  | ] - Pausing ProtocolHandler ["http-nio-8080"]
25-10-25 16:47:56.225 [tomcat-shutdown]  INFO o.s.b.w.e.tomcat.GracefulShutdown    [ |  | ] - Graceful shutdown complete
25-10-25 16:47:56.317 [Thread-5]  INFO o.a.coyote.http11.Http11NioProtocol  [ |  | ] - Stopping ProtocolHandler ["http-nio-8080"]
25-10-25 16:47:57.110 [Thread-5]  INFO o.s.o.j.LocalContainerEntityManagerFactoryBean [ |  | ] - Closing JPA EntityManagerFactory for persistence unit 'default'
25-10-25 16:47:57.415 [Thread-5]  INFO com.zaxxer.hikari.HikariDataSource   [ |  | ] - HikariPool-1 - Shutdown initiated...
25-10-25 16:47:57.470 [Thread-5]  INFO com.zaxxer.hikari.HikariDataSource   [ |  | ] - HikariPool-1 - Shutdown completed.
25-10-25 16:47:58.578 [restartedMain]  INFO com.spring.monew.MonewApplication    [ |  | ] - Starting MonewApplication using Java 17.0.15 with PID 25748 (C:\dev_source\sb05-monew-team7\monew\build\classes\java\main started by SW in C:\dev_source\sb05-monew-team7)
25-10-25 16:47:58.578 [restartedMain]  INFO com.spring.monew.MonewApplication    [ |  | ] - No active profile set, falling back to 1 default profile: "default"
25-10-25 16:48:01.545 [restartedMain]  INFO o.s.d.r.c.RepositoryConfigurationDelegate [ |  | ] - Multiple Spring Data modules found, entering strict repository configuration mode
25-10-25 16:48:01.546 [restartedMain]  INFO o.s.d.r.c.RepositoryConfigurationDelegate [ |  | ] - Bootstrapping Spring Data JPA repositories in DEFAULT mode.
25-10-25 16:48:01.750 [restartedMain]  INFO o.s.d.r.c.RepositoryConfigurationDelegate [ |  | ] - Finished Spring Data repository scanning in 202 ms. Found 5 JPA repository interfaces.
25-10-25 16:48:01.761 [restartedMain]  INFO o.s.d.r.c.RepositoryConfigurationDelegate [ |  | ] - Multiple Spring Data modules found, entering strict repository configuration mode
25-10-25 16:48:01.761 [restartedMain]  INFO o.s.d.r.c.RepositoryConfigurationDelegate [ |  | ] - Bootstrapping Spring Data MongoDB repositories in DEFAULT mode.
25-10-25 16:48:01.879 [restartedMain]  INFO o.s.d.r.c.RepositoryConfigurationExtensionSupport [ |  | ] - Spring Data MongoDB - Could not safely identify store assignment for repository candidate interface com.spring.monew.commentlike.repository.CommentLikeRepository; If you want this repository to be a MongoDB repository, consider annotating your entities with one of these annotations: org.springframework.data.mongodb.core.mapping.Document (preferred), or consider extending one of the following types with your repository: org.springframework.data.mongodb.repository.MongoRepository
25-10-25 16:48:01.880 [restartedMain]  INFO o.s.d.r.c.RepositoryConfigurationExtensionSupport [ |  | ] - Spring Data MongoDB - Could not safely identify store assignment for repository candidate interface com.spring.monew.comment.repository.CommentRepository; If you want this repository to be a MongoDB repository, consider annotating your entities with one of these annotations: org.springframework.data.mongodb.core.mapping.Document (preferred), or consider extending one of the following types with your repository: org.springframework.data.mongodb.repository.MongoRepository
25-10-25 16:48:01.880 [restartedMain]  INFO o.s.d.r.c.RepositoryConfigurationExtensionSupport [ |  | ] - Spring Data MongoDB - Could not safely identify store assignment for repository candidate interface com.spring.monew.interest.repository.InterestRepository; If you want this repository to be a MongoDB repository, consider annotating your entities with one of these annotations: org.springframework.data.mongodb.core.mapping.Document (preferred), or consider extending one of the following types with your repository: org.springframework.data.mongodb.repository.MongoRepository
25-10-25 16:48:01.880 [restartedMain]  INFO o.s.d.r.c.RepositoryConfigurationExtensionSupport [ |  | ] - Spring Data MongoDB - Could not safely identify store assignment for repository candidate interface com.spring.monew.subscription.repository.SubscriptionRepository; If you want this repository to be a MongoDB repository, consider annotating your entities with one of these annotations: org.springframework.data.mongodb.core.mapping.Document (preferred), or consider extending one of the following types with your repository: org.springframework.data.mongodb.repository.MongoRepository
25-10-25 16:48:01.881 [restartedMain]  INFO o.s.d.r.c.RepositoryConfigurationExtensionSupport [ |  | ] - Spring Data MongoDB - Could not safely identify store assignment for repository candidate interface com.spring.monew.user.repository.UserRepository; If you want this repository to be a MongoDB repository, consider annotating your entities with one of these annotations: org.springframework.data.mongodb.core.mapping.Document (preferred), or consider extending one of the following types with your repository: org.springframework.data.mongodb.repository.MongoRepository
25-10-25 16:48:01.881 [restartedMain]  INFO o.s.d.r.c.RepositoryConfigurationDelegate [ |  | ] - Finished Spring Data repository scanning in 115 ms. Found 0 MongoDB repository interfaces.
25-10-25 16:48:01.885 [restartedMain]  INFO o.s.d.r.c.RepositoryConfigurationDelegate [ |  | ] - Multiple Spring Data modules found, entering strict repository configuration mode
25-10-25 16:48:01.886 [restartedMain]  INFO o.s.d.r.c.RepositoryConfigurationDelegate [ |  | ] - Bootstrapping Spring Data Redis repositories in DEFAULT mode.
25-10-25 16:48:01.933 [restartedMain]  INFO o.s.d.r.c.RepositoryConfigurationExtensionSupport [ |  | ] - Spring Data Redis - Could not safely identify store assignment for repository candidate interface com.spring.monew.commentlike.repository.CommentLikeRepository; If you want this repository to be a Redis repository, consider annotating your entities with one of these annotations: org.springframework.data.redis.core.RedisHash (preferred), or consider extending one of the following types with your repository: org.springframework.data.keyvalue.repository.KeyValueRepository
25-10-25 16:48:01.934 [restartedMain]  INFO o.s.d.r.c.RepositoryConfigurationExtensionSupport [ |  | ] - Spring Data Redis - Could not safely identify store assignment for repository candidate interface com.spring.monew.comment.repository.CommentRepository; If you want this repository to be a Redis repository, consider annotating your entities with one of these annotations: org.springframework.data.redis.core.RedisHash (preferred), or consider extending one of the following types with your repository: org.springframework.data.keyvalue.repository.KeyValueRepository
25-10-25 16:48:01.934 [restartedMain]  INFO o.s.d.r.c.RepositoryConfigurationExtensionSupport [ |  | ] - Spring Data Redis - Could not safely identify store assignment for repository candidate interface com.spring.monew.interest.repository.InterestRepository; If you want this repository to be a Redis repository, consider annotating your entities with one of these annotations: org.springframework.data.redis.core.RedisHash (preferred), or consider extending one of the following types with your repository: org.springframework.data.keyvalue.repository.KeyValueRepository
25-10-25 16:48:01.934 [restartedMain]  INFO o.s.d.r.c.RepositoryConfigurationExtensionSupport [ |  | ] - Spring Data Redis - Could not safely identify store assignment for repository candidate interface com.spring.monew.subscription.repository.SubscriptionRepository; If you want this repository to be a Redis repository, consider annotating your entities with one of these annotations: org.springframework.data.redis.core.RedisHash (preferred), or consider extending one of the following types with your repository: org.springframework.data.keyvalue.repository.KeyValueRepository
25-10-25 16:48:01.934 [restartedMain]  INFO o.s.d.r.c.RepositoryConfigurationExtensionSupport [ |  | ] - Spring Data Redis - Could not safely identify store assignment for repository candidate interface com.spring.monew.user.repository.UserRepository; If you want this repository to be a Redis repository, consider annotating your entities with one of these annotations: org.springframework.data.redis.core.RedisHash (preferred), or consider extending one of the following types with your repository: org.springframework.data.keyvalue.repository.KeyValueRepository
25-10-25 16:48:01.935 [restartedMain]  INFO o.s.d.r.c.RepositoryConfigurationDelegate [ |  | ] - Finished Spring Data repository scanning in 47 ms. Found 0 Redis repository interfaces.
25-10-25 16:48:02.343 [restartedMain]  INFO o.s.b.w.e.tomcat.TomcatWebServer     [ |  | ] - Tomcat initialized with port 8080 (http)
25-10-25 16:48:02.344 [restartedMain]  INFO o.a.coyote.http11.Http11NioProtocol  [ |  | ] - Initializing ProtocolHandler ["http-nio-8080"]
25-10-25 16:48:02.344 [restartedMain]  INFO o.a.catalina.core.StandardService    [ |  | ] - Starting service [Tomcat]
25-10-25 16:48:02.344 [restartedMain]  INFO o.a.catalina.core.StandardEngine     [ |  | ] - Starting Servlet engine: [Apache Tomcat/10.1.46]
25-10-25 16:48:02.442 [restartedMain]  INFO o.a.c.c.C.[Tomcat].[localhost].[/]   [ |  | ] - Initializing Spring embedded WebApplicationContext
25-10-25 16:48:02.442 [restartedMain]  INFO o.s.b.w.s.c.ServletWebServerApplicationContext [ |  | ] - Root WebApplicationContext: initialization completed in 3857 ms
25-10-25 16:48:02.602 [restartedMain] DEBUG o.s.w.f.ServerHttpObservationFilter  [ |  | ] - Filter 'webMvcObservationFilter' configured for use
25-10-25 16:48:02.639 [restartedMain]  INFO com.zaxxer.hikari.HikariDataSource   [ |  | ] - HikariPool-2 - Starting...
25-10-25 16:48:02.875 [restartedMain]  INFO com.zaxxer.hikari.pool.HikariPool    [ |  | ] - HikariPool-2 - Added connection org.postgresql.jdbc.PgConnection@3ac88a1e
25-10-25 16:48:02.875 [restartedMain]  INFO com.zaxxer.hikari.HikariDataSource   [ |  | ] - HikariPool-2 - Start completed.
25-10-25 16:48:02.948 [restartedMain]  INFO o.h.jpa.internal.util.LogHelper      [ |  | ] - HHH000204: Processing PersistenceUnitInfo [name: default]
25-10-25 16:48:02.956 [restartedMain]  INFO o.h.c.i.RegionFactoryInitiator       [ |  | ] - HHH000026: Second-level cache disabled
25-10-25 16:48:02.984 [restartedMain]  INFO o.s.o.j.p.SpringPersistenceUnitInfo  [ |  | ] - No LoadTimeWeaver setup: ignoring JPA class transformer
25-10-25 16:48:03.175 [restartedMain]  WARN org.hibernate.orm.deprecation        [ |  | ] - HHH90000025: PostgreSQLDialect does not need to be specified explicitly using 'hibernate.dialect' (remove the property setting and it will be selected by default)
25-10-25 16:48:03.179 [restartedMain]  INFO o.hibernate.orm.connections.pooling  [ |  | ] - HHH10001005: Database info:
	Database JDBC URL [Connecting through datasource 'HikariDataSource (HikariPool-2)']
	Database driver: undefined/unknown
	Database version: 17.6
	Autocommit mode: undefined/unknown
	Isolation level: undefined/unknown
	Minimum pool size: undefined/unknown
	Maximum pool size: undefined/unknown
25-10-25 16:48:03.181 [restartedMain] DEBUG o.h.t.d.sql.spi.DdlTypeRegistry      [ |  | ] - addDescriptor(2003, org.hibernate.type.descriptor.sql.internal.ArrayDdlTypeImpl@10015dba) replaced previous registration(org.hibernate.type.descriptor.sql.internal.ArrayDdlTypeImpl@279cd177)
25-10-25 16:48:03.181 [restartedMain] DEBUG o.h.t.d.sql.spi.DdlTypeRegistry      [ |  | ] - addDescriptor(6, org.hibernate.type.descriptor.sql.internal.CapacityDependentDdlType@5764d8f6) replaced previous registration(org.hibernate.type.descriptor.sql.internal.DdlTypeImpl@4ce3a3b2)
25-10-25 16:48:04.074 [restartedMain]  INFO o.h.e.t.j.p.i.JtaPlatformInitiator   [ |  | ] - HHH000489: No JTA platform available (set 'hibernate.transaction.jta.platform' to enable JTA platform integration)
25-10-25 16:48:04.181 [restartedMain] DEBUG org.hibernate.SQL                    [ |  | ] - 
    alter table if exists article_views 
       add column created_at timestamp(6) with time zone not null
25-10-25 16:48:04.201 [restartedMain] DEBUG org.hibernate.SQL                    [ |  | ] - 
    alter table if exists articles 
       alter column source set data type varchar(255)
25-10-25 16:48:04.279 [restartedMain] DEBUG org.hibernate.SQL                    [ |  | ] - 
    alter table if exists articles 
       add column view_count bigint default 0 not null
25-10-25 16:48:04.336 [restartedMain] DEBUG org.hibernate.SQL                    [ |  | ] - 
    create table comment_likes (
        id uuid not null,
        comment_id uuid not null,
        created_at timestamp(6) with time zone not null,
        user_id uuid not null,
        primary key (id)
    )
25-10-25 16:48:04.418 [restartedMain] DEBUG org.hibernate.SQL                    [ |  | ] - 
    alter table if exists comment_likes 
       drop constraint if exists UKgu1pee3567af29uutdfy0fcjd
25-10-25 16:48:04.433 [restartedMain]  WARN o.h.e.jdbc.spi.SqlExceptionHelper    [ |  | ] - SQL Warning Code: 0, SQLState: 00000
25-10-25 16:48:04.433 [restartedMain]  WARN o.h.e.jdbc.spi.SqlExceptionHelper    [ |  | ] - "ukgu1pee3567af29uutdfy0fcjd" 제약 조건(해당 테이블: "comment_likes")이 없음, 건너뜀
25-10-25 16:48:04.434 [restartedMain] DEBUG org.hibernate.SQL                    [ |  | ] - 
    alter table if exists comment_likes 
       add constraint UKgu1pee3567af29uutdfy0fcjd unique (comment_id, user_id)
25-10-25 16:48:04.852 [restartedMain]  INFO o.s.o.j.LocalContainerEntityManagerFactoryBean [ |  | ] - Initialized JPA EntityManagerFactory for persistence unit 'default'
25-10-25 16:48:05.198 [restartedMain]  WARN o.s.b.a.o.j.JpaBaseConfiguration$JpaWebConfiguration [ |  | ] - spring.jpa.open-in-view is enabled by default. Therefore, database queries may be performed during view rendering. Explicitly configure spring.jpa.open-in-view to disable this warning
25-10-25 16:48:05.217 [restartedMain]  INFO o.s.b.a.w.s.WelcomePageHandlerMapping [ |  | ] - Adding welcome page: class path resource [static/index.html]
25-10-25 16:48:05.262 [restartedMain] DEBUG o.s.w.s.m.m.a.RequestMappingHandlerMapping [ |  | ] - 20 mappings in 'requestMappingHandlerMapping'
25-10-25 16:48:05.462 [restartedMain] DEBUG o.s.w.s.h.SimpleUrlHandlerMapping    [ |  | ] - Patterns [/webjars/**, /**, /swagger-ui*/*swagger-initializer.js, /swagger-ui*/**] in 'resourceHandlerMapping'
25-10-25 16:48:05.611 [restartedMain]  INFO org.mongodb.driver.client            [ |  | ] - MongoClient with metadata {"driver": {"name": "mongo-java-driver|sync|spring-boot", "version": "5.5.1"}, "os": {"type": "Windows", "name": "Windows 11", "architecture": "amd64", "version": "10.0"}, "platform": "Java/Oracle Corporation/17.0.15+9-LTS-241"} created with settings MongoClientSettings{readPreference=primary, writeConcern=WriteConcern{w=null, wTimeout=null ms, journal=null}, retryWrites=true, retryReads=true, readConcern=ReadConcern{level=null}, credential=null, transportSettings=null, commandListeners=[io.micrometer.core.instrument.binder.mongodb.MongoMetricsCommandListener@65ee65e9], codecRegistry=ProvidersCodecRegistry{codecProviders=[ValueCodecProvider{}, BsonValueCodecProvider{}, DBRefCodecProvider{}, DBObjectCodecProvider{}, DocumentCodecProvider{}, CollectionCodecProvider{}, IterableCodecProvider{}, MapCodecProvider{}, GeoJsonCodecProvider{}, GridFSFileCodecProvider{}, Jsr310CodecProvider{}, JsonObjectCodecProvider{}, BsonCodecProvider{}, EnumCodecProvider{}, com.mongodb.client.model.mql.ExpressionCodecProvider@6786145c, com.mongodb.Jep395RecordCodecProvider@6547f6ba, com.mongodb.KotlinCodecProvider@3a4a8301]}, loggerSettings=LoggerSettings{maxDocumentLength=1000}, clusterSettings={hosts=[localhost:27017], srvServiceName=mongodb, mode=SINGLE, requiredClusterType=UNKNOWN, requiredReplicaSetName='null', serverSelector='null', clusterListeners='[]', serverSelectionTimeout='30000 ms', localThreshold='15 ms'}, socketSettings=SocketSettings{connectTimeoutMS=10000, readTimeoutMS=0, receiveBufferSize=0, proxySettings=ProxySettings{host=null, port=null, username=null, password=null}}, heartbeatSocketSettings=SocketSettings{connectTimeoutMS=10000, readTimeoutMS=10000, receiveBufferSize=0, proxySettings=ProxySettings{host=null, port=null, username=null, password=null}}, connectionPoolSettings=ConnectionPoolSettings{maxSize=100, minSize=0, maxWaitTimeMS=120000, maxConnectionLifeTimeMS=0, maxConnectionIdleTimeMS=0, maintenanceInitialDelayMS=0, maintenanceFrequencyMS=60000, connectionPoolListeners=[io.micrometer.core.instrument.binder.mongodb.MongoMetricsConnectionPoolListener@1f7dc9ca], maxConnecting=2}, serverSettings=ServerSettings{heartbeatFrequencyMS=10000, minHeartbeatFrequencyMS=500, serverMonitoringMode=AUTO, serverListeners='[]', serverMonitorListeners='[]'}, sslSettings=SslSettings{enabled=false, invalidHostNameAllowed=false, context=null}, applicationName='null', compressorList=[], uuidRepresentation=JAVA_LEGACY, serverApi=null, autoEncryptionSettings=null, dnsClient=null, inetAddressResolver=null, contextProvider=null, timeoutMS=null}
25-10-25 16:48:05.645 [cluster-ClusterId{value='68fc80b5538315bbf056a16e', description='null'}-localhost:27017]  INFO org.mongodb.driver.cluster           [ |  | ] - Monitor thread successfully connected to server with description ServerDescription{address=localhost:27017, type=STANDALONE, cryptd=false, state=CONNECTED, ok=true, minWireVersion=0, maxWireVersion=27, maxDocumentSize=16777216, logicalSessionTimeoutMinutes=30, roundTripTimeNanos=23666400, minRoundTripTimeNanos=0}
25-10-25 16:48:05.921 [restartedMain]  INFO o.s.b.a.e.web.EndpointLinksResolver  [ |  | ] - Exposing 3 endpoints beneath base path '/actuator'
25-10-25 16:48:05.993 [restartedMain]  WARN o.s.b.a.s.s.UserDetailsServiceAutoConfiguration [ |  | ] - 

Using generated security password: 93624820-d7cf-49e4-8356-c5b7a4c7872c

This generated password is for development use only. Your security configuration must be updated before running your application in production.

25-10-25 16:48:06.000 [restartedMain]  INFO o.s.s.c.a.a.c.InitializeUserDetailsBeanManagerConfigurer$InitializeUserDetailsManagerConfigurer [ |  | ] - Global AuthenticationManager configured with UserDetailsService bean with name inMemoryUserDetailsManager
25-10-25 16:48:06.108 [restartedMain] DEBUG o.s.w.s.m.m.a.RequestMappingHandlerAdapter [ |  | ] - ControllerAdvice beans: 0 @ModelAttribute, 0 @InitBinder, 1 RequestBodyAdvice, 1 ResponseBodyAdvice
25-10-25 16:48:06.132 [restartedMain] DEBUG o.s.w.s.m.m.a.ExceptionHandlerExceptionResolver [ |  | ] - ControllerAdvice beans: 1 @ExceptionHandler, 1 ResponseBodyAdvice
25-10-25 16:48:06.360 [restartedMain]  INFO o.s.b.a.h.H2ConsoleAutoConfiguration [ |  | ] - H2 console available at '/h2-console'. Database available at 'jdbc:postgresql://localhost:5432/monew'
25-10-25 16:48:06.370 [restartedMain]  INFO o.s.b.d.a.OptionalLiveReloadServer   [ |  | ] - LiveReload server is running on port 35729
25-10-25 16:48:06.395 [restartedMain]  INFO o.a.coyote.http11.Http11NioProtocol  [ |  | ] - Starting ProtocolHandler ["http-nio-8080"]
25-10-25 16:48:06.400 [restartedMain]  INFO o.s.b.w.e.tomcat.TomcatWebServer     [ |  | ] - Tomcat started on port 8080 (http) with context path '/'
25-10-25 16:48:06.415 [restartedMain]  INFO com.spring.monew.MonewApplication    [ |  | ] - Started MonewApplication in 7.982 seconds (process running for 116.937)
25-10-25 16:48:06.420 [restartedMain]  INFO o.s.b.d.a.ConditionEvaluationDeltaLoggingListener [ |  | ] - Condition evaluation unchanged
25-10-25 16:48:07.982 [File Watcher]  INFO o.s.b.d.a.LocalDevToolsAutoConfiguration$RestartingClassPathChangeChangedEventListener [ |  | ] - Restarting due to 15 class path changes (0 additions, 0 deletions, 15 modifications)
25-10-25 16:48:07.988 [Thread-7]  INFO o.s.b.w.e.tomcat.GracefulShutdown    [ |  | ] - Commencing graceful shutdown. Waiting for active requests to complete
25-10-25 16:48:07.992 [tomcat-shutdown]  INFO o.a.coyote.http11.Http11NioProtocol  [ |  | ] - Pausing ProtocolHandler ["http-nio-8080"]
25-10-25 16:48:08.423 [tomcat-shutdown]  INFO o.s.b.w.e.tomcat.GracefulShutdown    [ |  | ] - Graceful shutdown complete
25-10-25 16:48:08.424 [Thread-7]  INFO o.a.coyote.http11.Http11NioProtocol  [ |  | ] - Stopping ProtocolHandler ["http-nio-8080"]
25-10-25 16:48:08.434 [Thread-7]  INFO o.s.o.j.LocalContainerEntityManagerFactoryBean [ |  | ] - Closing JPA EntityManagerFactory for persistence unit 'default'
25-10-25 16:48:08.436 [Thread-7]  INFO com.zaxxer.hikari.HikariDataSource   [ |  | ] - HikariPool-2 - Shutdown initiated...
25-10-25 16:48:08.440 [Thread-7]  INFO com.zaxxer.hikari.HikariDataSource   [ |  | ] - HikariPool-2 - Shutdown completed.
25-10-25 16:48:08.585 [restartedMain]  INFO com.spring.monew.MonewApplication    [ |  | ] - Starting MonewApplication using Java 17.0.15 with PID 25748 (C:\dev_source\sb05-monew-team7\monew\build\classes\java\main started by SW in C:\dev_source\sb05-monew-team7)
25-10-25 16:48:08.585 [restartedMain]  INFO com.spring.monew.MonewApplication    [ |  | ] - No active profile set, falling back to 1 default profile: "default"
25-10-25 16:48:09.976 [restartedMain]  INFO o.s.d.r.c.RepositoryConfigurationDelegate [ |  | ] - Multiple Spring Data modules found, entering strict repository configuration mode
25-10-25 16:48:09.977 [restartedMain]  INFO o.s.d.r.c.RepositoryConfigurationDelegate [ |  | ] - Bootstrapping Spring Data JPA repositories in DEFAULT mode.
25-10-25 16:48:10.120 [restartedMain]  INFO o.s.d.r.c.RepositoryConfigurationDelegate [ |  | ] - Finished Spring Data repository scanning in 132 ms. Found 5 JPA repository interfaces.
25-10-25 16:48:10.124 [restartedMain]  INFO o.s.d.r.c.RepositoryConfigurationDelegate [ |  | ] - Multiple Spring Data modules found, entering strict repository configuration mode
25-10-25 16:48:10.125 [restartedMain]  INFO o.s.d.r.c.RepositoryConfigurationDelegate [ |  | ] - Bootstrapping Spring Data MongoDB repositories in DEFAULT mode.
25-10-25 16:48:10.167 [restartedMain]  INFO o.s.d.r.c.RepositoryConfigurationExtensionSupport [ |  | ] - Spring Data MongoDB - Could not safely identify store assignment for repository candidate interface com.spring.monew.commentlike.repository.CommentLikeRepository; If you want this repository to be a MongoDB repository, consider annotating your entities with one of these annotations: org.springframework.data.mongodb.core.mapping.Document (preferred), or consider extending one of the following types with your repository: org.springframework.data.mongodb.repository.MongoRepository
25-10-25 16:48:10.167 [restartedMain]  INFO o.s.d.r.c.RepositoryConfigurationExtensionSupport [ |  | ] - Spring Data MongoDB - Could not safely identify store assignment for repository candidate interface com.spring.monew.comment.repository.CommentRepository; If you want this repository to be a MongoDB repository, consider annotating your entities with one of these annotations: org.springframework.data.mongodb.core.mapping.Document (preferred), or consider extending one of the following types with your repository: org.springframework.data.mongodb.repository.MongoRepository
25-10-25 16:48:10.168 [restartedMain]  INFO o.s.d.r.c.RepositoryConfigurationExtensionSupport [ |  | ] - Spring Data MongoDB - Could not safely identify store assignment for repository candidate interface com.spring.monew.interest.repository.InterestRepository; If you want this repository to be a MongoDB repository, consider annotating your entities with one of these annotations: org.springframework.data.mongodb.core.mapping.Document (preferred), or consider extending one of the following types with your repository: org.springframework.data.mongodb.repository.MongoRepository
25-10-25 16:48:10.169 [restartedMain]  INFO o.s.d.r.c.RepositoryConfigurationExtensionSupport [ |  | ] - Spring Data MongoDB - Could not safely identify store assignment for repository candidate interface com.spring.monew.subscription.repository.SubscriptionRepository; If you want this repository to be a MongoDB repository, consider annotating your entities with one of these annotations: org.springframework.data.mongodb.core.mapping.Document (preferred), or consider extending one of the following types with your repository: org.springframework.data.mongodb.repository.MongoRepository
25-10-25 16:48:10.171 [restartedMain]  INFO o.s.d.r.c.RepositoryConfigurationExtensionSupport [ |  | ] - Spring Data MongoDB - Could not safely identify store assignment for repository candidate interface com.spring.monew.user.repository.UserRepository; If you want this repository to be a MongoDB repository, consider annotating your entities with one of these annotations: org.springframework.data.mongodb.core.mapping.Document (preferred), or consider extending one of the following types with your repository: org.springframework.data.mongodb.repository.MongoRepository
25-10-25 16:48:10.171 [restartedMain]  INFO o.s.d.r.c.RepositoryConfigurationDelegate [ |  | ] - Finished Spring Data repository scanning in 44 ms. Found 0 MongoDB repository interfaces.
25-10-25 16:48:10.177 [restartedMain]  INFO o.s.d.r.c.RepositoryConfigurationDelegate [ |  | ] - Multiple Spring Data modules found, entering strict repository configuration mode
25-10-25 16:48:10.177 [restartedMain]  INFO o.s.d.r.c.RepositoryConfigurationDelegate [ |  | ] - Bootstrapping Spring Data Redis repositories in DEFAULT mode.
25-10-25 16:48:10.220 [restartedMain]  INFO o.s.d.r.c.RepositoryConfigurationExtensionSupport [ |  | ] - Spring Data Redis - Could not safely identify store assignment for repository candidate interface com.spring.monew.commentlike.repository.CommentLikeRepository; If you want this repository to be a Redis repository, consider annotating your entities with one of these annotations: org.springframework.data.redis.core.RedisHash (preferred), or consider extending one of the following types with your repository: org.springframework.data.keyvalue.repository.KeyValueRepository
25-10-25 16:48:10.220 [restartedMain]  INFO o.s.d.r.c.RepositoryConfigurationExtensionSupport [ |  | ] - Spring Data Redis - Could not safely identify store assignment for repository candidate interface com.spring.monew.comment.repository.CommentRepository; If you want this repository to be a Redis repository, consider annotating your entities with one of these annotations: org.springframework.data.redis.core.RedisHash (preferred), or consider extending one of the following types with your repository: org.springframework.data.keyvalue.repository.KeyValueRepository
25-10-25 16:48:10.220 [restartedMain]  INFO o.s.d.r.c.RepositoryConfigurationExtensionSupport [ |  | ] - Spring Data Redis - Could not safely identify store assignment for repository candidate interface com.spring.monew.interest.repository.InterestRepository; If you want this repository to be a Redis repository, consider annotating your entities with one of these annotations: org.springframework.data.redis.core.RedisHash (preferred), or consider extending one of the following types with your repository: org.springframework.data.keyvalue.repository.KeyValueRepository
25-10-25 16:48:10.220 [restartedMain]  INFO o.s.d.r.c.RepositoryConfigurationExtensionSupport [ |  | ] - Spring Data Redis - Could not safely identify store assignment for repository candidate interface com.spring.monew.subscription.repository.SubscriptionRepository; If you want this repository to be a Redis repository, consider annotating your entities with one of these annotations: org.springframework.data.redis.core.RedisHash (preferred), or consider extending one of the following types with your repository: org.springframework.data.keyvalue.repository.KeyValueRepository
25-10-25 16:48:10.220 [restartedMain]  INFO o.s.d.r.c.RepositoryConfigurationExtensionSupport [ |  | ] - Spring Data Redis - Could not safely identify store assignment for repository candidate interface com.spring.monew.user.repository.UserRepository; If you want this repository to be a Redis repository, consider annotating your entities with one of these annotations: org.springframework.data.redis.core.RedisHash (preferred), or consider extending one of the following types with your repository: org.springframework.data.keyvalue.repository.KeyValueRepository
25-10-25 16:48:10.220 [restartedMain]  INFO o.s.d.r.c.RepositoryConfigurationDelegate [ |  | ] - Finished Spring Data repository scanning in 39 ms. Found 0 Redis repository interfaces.
25-10-25 16:48:10.371 [restartedMain]  INFO o.s.b.w.e.tomcat.TomcatWebServer     [ |  | ] - Tomcat initialized with port 8080 (http)
25-10-25 16:48:10.372 [restartedMain]  INFO o.a.coyote.http11.Http11NioProtocol  [ |  | ] - Initializing ProtocolHandler ["http-nio-8080"]
25-10-25 16:48:10.372 [restartedMain]  INFO o.a.catalina.core.StandardService    [ |  | ] - Starting service [Tomcat]
25-10-25 16:48:10.373 [restartedMain]  INFO o.a.catalina.core.StandardEngine     [ |  | ] - Starting Servlet engine: [Apache Tomcat/10.1.46]
25-10-25 16:48:10.424 [restartedMain]  INFO o.a.c.c.C.[Tomcat].[localhost].[/]   [ |  | ] - Initializing Spring embedded WebApplicationContext
25-10-25 16:48:10.424 [restartedMain]  INFO o.s.b.w.s.c.ServletWebServerApplicationContext [ |  | ] - Root WebApplicationContext: initialization completed in 1835 ms
25-10-25 16:48:10.494 [restartedMain] DEBUG o.s.w.f.ServerHttpObservationFilter  [ |  | ] - Filter 'webMvcObservationFilter' configured for use
25-10-25 16:48:10.511 [restartedMain]  INFO com.zaxxer.hikari.HikariDataSource   [ |  | ] - HikariPool-3 - Starting...
25-10-25 16:48:10.609 [restartedMain]  INFO com.zaxxer.hikari.pool.HikariPool    [ |  | ] - HikariPool-3 - Added connection org.postgresql.jdbc.PgConnection@cd44620
25-10-25 16:48:10.610 [restartedMain]  INFO com.zaxxer.hikari.HikariDataSource   [ |  | ] - HikariPool-3 - Start completed.
25-10-25 16:48:10.670 [restartedMain]  INFO o.h.jpa.internal.util.LogHelper      [ |  | ] - HHH000204: Processing PersistenceUnitInfo [name: default]
25-10-25 16:48:10.681 [restartedMain]  INFO o.h.c.i.RegionFactoryInitiator       [ |  | ] - HHH000026: Second-level cache disabled
25-10-25 16:48:10.752 [restartedMain]  INFO o.s.o.j.p.SpringPersistenceUnitInfo  [ |  | ] - No LoadTimeWeaver setup: ignoring JPA class transformer
25-10-25 16:48:10.771 [restartedMain]  WARN org.hibernate.orm.deprecation        [ |  | ] - HHH90000025: PostgreSQLDialect does not need to be specified explicitly using 'hibernate.dialect' (remove the property setting and it will be selected by default)
25-10-25 16:48:10.773 [restartedMain]  INFO o.hibernate.orm.connections.pooling  [ |  | ] - HHH10001005: Database info:
	Database JDBC URL [Connecting through datasource 'HikariDataSource (HikariPool-3)']
	Database driver: undefined/unknown
	Database version: 17.6
	Autocommit mode: undefined/unknown
	Isolation level: undefined/unknown
	Minimum pool size: undefined/unknown
	Maximum pool size: undefined/unknown
25-10-25 16:48:10.773 [restartedMain] DEBUG o.h.t.d.sql.spi.DdlTypeRegistry      [ |  | ] - addDescriptor(2003, org.hibernate.type.descriptor.sql.internal.ArrayDdlTypeImpl@737a4464) replaced previous registration(org.hibernate.type.descriptor.sql.internal.ArrayDdlTypeImpl@31c9b224)
25-10-25 16:48:10.774 [restartedMain] DEBUG o.h.t.d.sql.spi.DdlTypeRegistry      [ |  | ] - addDescriptor(6, org.hibernate.type.descriptor.sql.internal.CapacityDependentDdlType@476df467) replaced previous registration(org.hibernate.type.descriptor.sql.internal.DdlTypeImpl@58c41673)
25-10-25 16:48:11.128 [restartedMain]  INFO o.h.e.t.j.p.i.JtaPlatformInitiator   [ |  | ] - HHH000489: No JTA platform available (set 'hibernate.transaction.jta.platform' to enable JTA platform integration)
25-10-25 16:48:11.424 [restartedMain]  INFO o.s.o.j.LocalContainerEntityManagerFactoryBean [ |  | ] - Initialized JPA EntityManagerFactory for persistence unit 'default'
25-10-25 16:48:11.763 [restartedMain]  WARN o.s.b.a.o.j.JpaBaseConfiguration$JpaWebConfiguration [ |  | ] - spring.jpa.open-in-view is enabled by default. Therefore, database queries may be performed during view rendering. Explicitly configure spring.jpa.open-in-view to disable this warning
25-10-25 16:48:11.785 [restartedMain]  INFO o.s.b.a.w.s.WelcomePageHandlerMapping [ |  | ] - Adding welcome page: class path resource [static/index.html]
25-10-25 16:48:11.825 [restartedMain] DEBUG o.s.w.s.m.m.a.RequestMappingHandlerMapping [ |  | ] - 20 mappings in 'requestMappingHandlerMapping'
25-10-25 16:48:11.975 [restartedMain] DEBUG o.s.w.s.h.SimpleUrlHandlerMapping    [ |  | ] - Patterns [/webjars/**, /**, /swagger-ui*/*swagger-initializer.js, /swagger-ui*/**] in 'resourceHandlerMapping'
25-10-25 16:48:12.040 [restartedMain]  INFO org.mongodb.driver.client            [ |  | ] - MongoClient with metadata {"driver": {"name": "mongo-java-driver|sync|spring-boot", "version": "5.5.1"}, "os": {"type": "Windows", "name": "Windows 11", "architecture": "amd64", "version": "10.0"}, "platform": "Java/Oracle Corporation/17.0.15+9-LTS-241"} created with settings MongoClientSettings{readPreference=primary, writeConcern=WriteConcern{w=null, wTimeout=null ms, journal=null}, retryWrites=true, retryReads=true, readConcern=ReadConcern{level=null}, credential=null, transportSettings=null, commandListeners=[io.micrometer.core.instrument.binder.mongodb.MongoMetricsCommandListener@1f1919da], codecRegistry=ProvidersCodecRegistry{codecProviders=[ValueCodecProvider{}, BsonValueCodecProvider{}, DBRefCodecProvider{}, DBObjectCodecProvider{}, DocumentCodecProvider{}, CollectionCodecProvider{}, IterableCodecProvider{}, MapCodecProvider{}, GeoJsonCodecProvider{}, GridFSFileCodecProvider{}, Jsr310CodecProvider{}, JsonObjectCodecProvider{}, BsonCodecProvider{}, EnumCodecProvider{}, com.mongodb.client.model.mql.ExpressionCodecProvider@6786145c, com.mongodb.Jep395RecordCodecProvider@6547f6ba, com.mongodb.KotlinCodecProvider@3a4a8301]}, loggerSettings=LoggerSettings{maxDocumentLength=1000}, clusterSettings={hosts=[localhost:27017], srvServiceName=mongodb, mode=SINGLE, requiredClusterType=UNKNOWN, requiredReplicaSetName='null', serverSelector='null', clusterListeners='[]', serverSelectionTimeout='30000 ms', localThreshold='15 ms'}, socketSettings=SocketSettings{connectTimeoutMS=10000, readTimeoutMS=0, receiveBufferSize=0, proxySettings=ProxySettings{host=null, port=null, username=null, password=null}}, heartbeatSocketSettings=SocketSettings{connectTimeoutMS=10000, readTimeoutMS=10000, receiveBufferSize=0, proxySettings=ProxySettings{host=null, port=null, username=null, password=null}}, connectionPoolSettings=ConnectionPoolSettings{maxSize=100, minSize=0, maxWaitTimeMS=120000, maxConnectionLifeTimeMS=0, maxConnectionIdleTimeMS=0, maintenanceInitialDelayMS=0, maintenanceFrequencyMS=60000, connectionPoolListeners=[io.micrometer.core.instrument.binder.mongodb.MongoMetricsConnectionPoolListener@3cc9ba7f], maxConnecting=2}, serverSettings=ServerSettings{heartbeatFrequencyMS=10000, minHeartbeatFrequencyMS=500, serverMonitoringMode=AUTO, serverListeners='[]', serverMonitorListeners='[]'}, sslSettings=SslSettings{enabled=false, invalidHostNameAllowed=false, context=null}, applicationName='null', compressorList=[], uuidRepresentation=JAVA_LEGACY, serverApi=null, autoEncryptionSettings=null, dnsClient=null, inetAddressResolver=null, contextProvider=null, timeoutMS=null}
25-10-25 16:48:12.043 [cluster-ClusterId{value='68fc80bc538315bbf056a16f', description='null'}-localhost:27017]  INFO org.mongodb.driver.cluster           [ |  | ] - Monitor thread successfully connected to server with description ServerDescription{address=localhost:27017, type=STANDALONE, cryptd=false, state=CONNECTED, ok=true, minWireVersion=0, maxWireVersion=27, maxDocumentSize=16777216, logicalSessionTimeoutMinutes=30, roundTripTimeNanos=2608800, minRoundTripTimeNanos=0}
25-10-25 16:48:12.252 [restartedMain]  INFO o.s.b.a.e.web.EndpointLinksResolver  [ |  | ] - Exposing 3 endpoints beneath base path '/actuator'
25-10-25 16:48:12.292 [restartedMain]  WARN o.s.b.a.s.s.UserDetailsServiceAutoConfiguration [ |  | ] - 

Using generated security password: fd4a6aa0-3652-468c-afc0-40fd84906c97

This generated password is for development use only. Your security configuration must be updated before running your application in production.

25-10-25 16:48:12.294 [restartedMain]  INFO o.s.s.c.a.a.c.InitializeUserDetailsBeanManagerConfigurer$InitializeUserDetailsManagerConfigurer [ |  | ] - Global AuthenticationManager configured with UserDetailsService bean with name inMemoryUserDetailsManager
25-10-25 16:48:12.362 [restartedMain] DEBUG o.s.w.s.m.m.a.RequestMappingHandlerAdapter [ |  | ] - ControllerAdvice beans: 0 @ModelAttribute, 0 @InitBinder, 1 RequestBodyAdvice, 1 ResponseBodyAdvice
25-10-25 16:48:12.380 [restartedMain] DEBUG o.s.w.s.m.m.a.ExceptionHandlerExceptionResolver [ |  | ] - ControllerAdvice beans: 1 @ExceptionHandler, 1 ResponseBodyAdvice
25-10-25 16:48:12.530 [restartedMain]  INFO o.s.b.a.h.H2ConsoleAutoConfiguration [ |  | ] - H2 console available at '/h2-console'. Database available at 'jdbc:postgresql://localhost:5432/monew'
25-10-25 16:48:12.545 [restartedMain]  INFO o.s.b.d.a.OptionalLiveReloadServer   [ |  | ] - LiveReload server is running on port 35729
25-10-25 16:48:12.583 [restartedMain]  INFO o.a.coyote.http11.Http11NioProtocol  [ |  | ] - Starting ProtocolHandler ["http-nio-8080"]
25-10-25 16:48:12.587 [restartedMain]  INFO o.s.b.w.e.tomcat.TomcatWebServer     [ |  | ] - Tomcat started on port 8080 (http) with context path '/'
25-10-25 16:48:12.605 [restartedMain]  INFO com.spring.monew.MonewApplication    [ |  | ] - Started MonewApplication in 4.084 seconds (process running for 123.127)
25-10-25 16:48:12.611 [restartedMain]  INFO o.s.b.d.a.ConditionEvaluationDeltaLoggingListener [ |  | ] - Condition evaluation unchanged
